Date,Close,Open,High,Low,Volume,PCT
10.03.2016,11.75,11.2,11.85,11.07,0.00K,4.91%
11.03.2016,11.95,11.75,11.95,11.75,0.18K,1.70%
12.03.2016,12.92,11.95,13.45,11.95,0.83K,8.12%
13.03.2016,15.07,12.92,15.07,12.92,1.30K,16.64%
14.03.2016,12.5,15.07,15.07,11.4,92.18K,-17.05%
15.03.2016,13.06,12.63,13.42,11.98,39.73K,4.48%
16.03.2016,12.88,13.06,13.89,12.62,19.24K,-1.38%
17.03.2016,10.74,12.58,12.61,10.44,89.45K,-16.61%
18.03.2016,10.74,11.09,11.2,8.34,157.37K,0.00%
19.03.2016,10.31,10.97,11.1,9.78,67.55K,-4.00%
20.03.2016,10.18,10.55,10.88,9.56,33.18K,-1.26%
21.03.2016,11.95,10.18,12.05,10.14,38.86K,17.39%
22.03.2016,11.37,11.53,11.97,11.08,26.29K,-4.85%
23.03.2016,12.43,11.37,12.43,11.2,27.02K,9.32%
24.03.2016,11.2,12.43,12.47,10.67,50.80K,-9.90%
25.03.2016,10.67,11.32,11.35,10.52,87.42K,-4.73%
26.03.2016,11.0,10.67,11.2,10.58,16.12K,3.09%
27.03.2016,10.4,10.93,10.98,10.17,55.81K,-5.45%
28.03.2016,11.62,10.4,11.94,10.4,77.31K,11.73%
29.03.2016,11.79,11.78,11.88,11.37,47.57K,1.46%
30.03.2016,11.85,11.79,12.3,11.44,36.96K,0.51%
31.03.2016,11.41,11.92,12.02,11.29,32.67K,-3.71%
01.04.2016,11.62,11.41,11.94,11.39,22.20K,1.84%
02.04.2016,11.61,11.65,11.77,11.43,12.17K,-0.09%
03.04.2016,11.75,11.61,11.76,11.4,18.85K,1.21%
04.04.2016,11.15,11.6,11.67,10.88,38.74K,-5.11%
05.04.2016,10.4,11.15,11.15,9.7,53.39K,-6.73%
06.04.2016,10.76,10.4,10.96,10.2,40.04K,3.46%
07.04.2016,10.12,10.76,10.85,9.4,50.74K,-5.95%
08.04.2016,9.71,10.05,10.34,9.6,25.97K,-4.05%
09.04.2016,9.15,9.69,10.2,9.0,64.96K,-5.77%
10.04.2016,8.76,9.15,9.43,7.52,171.99K,-4.26%
11.04.2016,8.68,8.56,8.93,8.01,60.28K,-0.91%
12.04.2016,7.53,8.53,8.54,7.21,63.82K,-13.25%
13.04.2016,8.09,7.48,8.8,6.86,142.21K,7.44%
14.04.2016,8.46,8.08,8.86,8.0,36.15K,4.57%
15.04.2016,8.32,8.39,8.69,8.1,30.48K,-1.65%
16.04.2016,8.54,8.23,8.68,8.18,29.26K,2.64%
17.04.2016,9.46,8.7,10.9,8.61,96.05K,10.77%
18.04.2016,8.97,9.3,9.55,8.44,37.88K,-5.18%
19.04.2016,8.71,8.97,9.38,8.65,35.26K,-2.90%
20.04.2016,8.61,8.73,9.05,8.35,167.71K,-1.15%
21.04.2016,8.11,8.61,8.8,8.0,45.52K,-5.81%
22.04.2016,7.97,8.23,8.41,7.73,97.37K,-1.73%
23.04.2016,8.46,7.95,8.8,7.81,89.57K,6.15%
24.04.2016,8.1,8.35,8.5,8.01,52.06K,-4.26%
25.04.2016,7.54,8.05,8.15,7.32,207.06K,-6.91%
26.04.2016,7.5,7.56,7.6,7.12,129.27K,-0.53%
27.04.2016,7.8,7.4,7.99,7.31,90.46K,4.00%
28.04.2016,7.33,7.73,7.87,7.25,69.40K,-6.03%
29.04.2016,7.52,7.23,7.72,7.19,51.16K,2.59%
30.04.2016,8.87,7.45,9.36,7.45,267.97K,17.95%
01.05.2016,8.75,8.74,9.0,8.35,71.99K,-1.35%
02.05.2016,10.0,8.83,10.3,8.79,295.38K,14.29%
03.05.2016,9.34,10.01,10.01,9.18,128.32K,-6.60%
04.05.2016,9.46,9.38,10.0,9.25,74.70K,1.28%
05.05.2016,9.79,9.4,10.0,9.3,62.44K,3.49%
06.05.2016,9.35,9.85,9.98,9.12,92.42K,-4.49%
07.05.2016,9.35,9.45,9.64,9.2,31.39K,0.00%
08.05.2016,9.5,9.41,9.64,9.0,80.09K,1.60%
09.05.2016,9.32,9.51,9.65,9.25,77.29K,-1.89%
10.05.2016,9.38,9.31,9.47,9.28,18.32K,0.64%
11.05.2016,9.89,9.38,9.98,9.3,110.31K,5.44%
12.05.2016,10.04,9.92,10.47,9.79,142.19K,1.52%
13.05.2016,10.6,10.09,11.11,10.08,194.28K,5.58%
14.05.2016,10.16,10.6,10.75,9.71,121.86K,-4.15%
15.05.2016,9.97,10.25,10.42,9.93,42.73K,-1.87%
16.05.2016,11.09,10.01,11.47,10.0,257.21K,11.23%
17.05.2016,12.08,11.15,12.6,11.1,540.97K,8.93%
18.05.2016,13.35,12.28,14.4,12.21,420.07K,10.51%
19.05.2016,14.58,13.4,14.65,13.2,393.14K,9.21%
20.05.2016,13.79,14.74,14.89,13.31,338.69K,-5.42%
21.05.2016,14.0,13.6,14.0,13.01,209.03K,1.52%
22.05.2016,14.21,14.06,14.51,13.62,118.19K,1.50%
23.05.2016,13.42,14.21,14.49,13.32,170.09K,-5.56%
24.05.2016,12.73,13.38,13.82,12.0,437.47K,-5.14%
25.05.2016,12.49,12.84,12.99,11.8,247.58K,-1.89%
26.05.2016,12.48,12.52,13.07,12.13,215.64K,-0.08%
27.05.2016,11.12,12.4,12.43,10.53,645.84K,-10.90%
28.05.2016,11.98,10.99,12.5,10.38,587.07K,7.73%
29.05.2016,12.41,11.8,12.89,11.78,455.11K,3.59%
30.05.2016,12.72,12.44,12.81,12.3,122.98K,2.50%
31.05.2016,14.01,12.78,14.28,12.6,517.98K,10.14%
01.06.2016,13.85,14.07,14.3,13.46,289.63K,-1.14%
02.06.2016,13.8,13.94,14.03,13.61,155.53K,-0.36%
03.06.2016,13.84,13.82,13.99,13.42,200.81K,0.29%
04.06.2016,13.81,13.9,13.9,13.4,139.12K,-0.22%
05.06.2016,13.95,13.75,13.97,13.69,54.66K,1.01%
06.06.2016,14.03,14.0,14.19,13.8,105.55K,0.57%
07.06.2016,14.5,13.94,14.7,13.88,199.89K,3.35%
08.06.2016,14.49,14.6,14.89,14.3,257.01K,-0.07%
09.06.2016,14.45,14.51,14.7,14.37,64.98K,-0.28%
10.06.2016,13.97,14.44,14.46,13.56,220.15K,-3.32%
11.06.2016,14.15,13.95,14.28,13.81,109.42K,1.29%
12.06.2016,15.8,14.3,16.09,14.25,550.47K,11.66%
13.06.2016,17.73,15.75,17.91,15.7,896.99K,12.22%
14.06.2016,18.73,17.65,19.41,16.0,1.17M,5.64%
15.06.2016,18.45,18.7,18.75,17.55,365.42K,-1.49%
16.06.2016,20.7,18.61,21.1,18.44,1.02M,12.20%
17.06.2016,15.61,20.86,21.69,11.51,4.72M,-24.59%
18.06.2016,11.41,15.19,15.3,10.13,3.04M,-26.91%
19.06.2016,12.43,10.76,13.36,10.55,1.14M,8.94%
20.06.2016,11.9,12.33,12.49,10.51,1.11M,-4.26%
21.06.2016,12.94,11.67,12.98,11.2,644.71K,8.74%
22.06.2016,13.25,13.75,15.9,12.95,1.83M,2.40%
23.06.2016,13.75,13.26,14.0,12.5,521.61K,3.77%
24.06.2016,14.29,13.76,14.46,13.1,551.44K,3.93%
25.06.2016,14.31,14.39,14.84,13.91,262.84K,0.14%
26.06.2016,13.75,14.22,14.4,13.53,213.87K,-3.91%
27.06.2016,13.96,13.71,14.19,13.68,135.03K,1.53%
28.06.2016,12.22,13.95,14.07,11.51,896.16K,-12.46%
29.06.2016,12.77,12.08,13.05,11.57,427.25K,4.50%
30.06.2016,12.5,12.64,12.88,12.2,213.19K,-2.11%
01.07.2016,12.35,12.5,12.58,11.74,302.72K,-1.20%
02.07.2016,12.14,12.17,12.2,11.95,86.17K,-1.70%
03.07.2016,11.78,12.06,12.11,11.56,196.78K,-2.97%
04.07.2016,11.42,11.65,11.85,11.35,147.79K,-3.06%
05.07.2016,10.53,11.42,11.49,9.35,1.12M,-7.79%
06.07.2016,10.55,10.37,11.12,10.22,327.60K,0.19%
07.07.2016,10.14,10.58,10.67,9.73,291.46K,-3.89%
08.07.2016,11.31,10.16,11.65,9.9,533.97K,11.54%
09.07.2016,10.9,11.37,11.43,10.4,431.16K,-3.63%
10.07.2016,10.95,10.83,11.02,10.74,75.85K,0.46%
11.07.2016,10.51,10.95,11.09,10.2,287.84K,-4.02%
12.07.2016,10.55,10.48,10.8,10.4,143.68K,0.38%
13.07.2016,10.47,10.55,10.6,10.43,62.85K,-0.76%
14.07.2016,11.6,10.7,11.79,10.69,419.07K,10.79%
15.07.2016,11.93,11.5,12.55,11.37,600.62K,2.84%
16.07.2016,11.72,11.95,12.05,11.72,127.93K,-1.76%
17.07.2016,11.24,11.72,11.74,11.02,575.47K,-4.10%
18.07.2016,11.04,11.31,11.75,11.01,252.34K,-1.78%
19.07.2016,11.75,11.09,12.24,11.07,678.52K,6.43%
20.07.2016,12.48,11.7,13.04,11.55,1.65M,6.21%
21.07.2016,12.55,12.52,12.75,12.03,534.75K,0.56%
22.07.2016,14.67,12.67,15.15,12.53,1.57M,16.89%
23.07.2016,14.25,14.55,14.85,13.9,638.42K,-2.86%
24.07.2016,12.65,14.33,14.44,12.17,1.65M,-11.23%
25.07.2016,13.8,12.86,13.8,12.75,742.81K,9.09%
26.07.2016,12.01,13.55,13.86,11.91,1.36M,-12.97%
27.07.2016,13.03,12.01,13.28,11.78,377.97K,8.49%
28.07.2016,12.87,12.93,13.0,12.54,300.44K,-1.23%
29.07.2016,12.9,12.87,12.94,12.6,183.46K,0.23%
30.07.2016,12.52,12.85,12.85,12.47,171.50K,-2.95%
31.07.2016,11.86,12.45,12.55,11.3,419.36K,-5.27%
01.08.2016,11.08,12.0,12.04,11.08,318.87K,-6.58%
02.08.2016,10.16,11.04,11.2,9.9,882.66K,-8.30%
03.08.2016,10.16,10.16,10.16,10.16,-,0.00%
04.08.2016,10.16,10.16,10.16,10.16,-,0.00%
05.08.2016,10.16,10.16,10.16,10.16,-,0.00%
06.08.2016,10.16,10.16,10.16,10.16,-,0.00%
07.08.2016,10.16,10.16,10.16,10.16,-,0.00%
08.08.2016,10.16,10.16,10.16,10.16,-,0.00%
09.08.2016,10.16,10.16,10.16,10.16,-,0.00%
10.08.2016,12.07,11.99,12.33,11.86,383.91K,18.80%
11.08.2016,11.64,11.9,12.1,11.57,339.86K,-3.56%
12.08.2016,11.67,11.71,11.99,11.57,254.56K,0.26%
13.08.2016,11.48,11.69,11.76,11.4,138.26K,-1.63%
14.08.2016,11.16,11.48,11.67,11.0,188.63K,-2.79%
15.08.2016,11.09,11.16,11.28,10.88,140.55K,-0.63%
16.08.2016,11.07,11.15,11.17,10.83,65.95K,-0.18%
17.08.2016,10.72,11.07,11.07,10.65,456.39K,-3.16%
18.08.2016,10.69,10.72,10.97,10.66,162.11K,-0.28%
19.08.2016,10.68,10.69,10.76,10.61,139.95K,-0.09%
20.08.2016,11.26,10.69,11.3,10.68,190.53K,5.43%
21.08.2016,11.13,11.26,11.3,10.93,49.47K,-1.15%
22.08.2016,11.14,11.2,11.36,11.0,81.73K,0.09%
23.08.2016,10.99,11.14,11.28,10.9,64.41K,-1.35%
24.08.2016,10.98,11.03,11.2,10.96,37.43K,-0.09%
25.08.2016,11.39,10.98,11.39,10.97,82.80K,3.73%
26.08.2016,11.22,11.39,11.42,11.13,30.15K,-1.49%
27.08.2016,11.2,11.26,11.26,11.13,8.96K,-0.18%
28.08.2016,10.94,11.11,11.16,10.92,35.30K,-2.32%
29.08.2016,10.93,10.94,11.18,10.78,63.32K,-0.09%
30.08.2016,11.29,11.03,11.39,10.94,42.08K,3.29%
31.08.2016,11.63,11.33,11.63,11.17,39.51K,3.01%
01.09.2016,12.22,11.66,12.6,11.61,82.45K,5.07%
02.09.2016,12.13,12.22,12.38,11.91,60.24K,-0.74%
03.09.2016,12.01,12.13,12.43,11.65,87.38K,-0.99%
04.09.2016,11.73,11.88,11.96,11.6,51.04K,-2.33%
05.09.2016,11.85,11.73,11.92,11.65,35.55K,1.02%
06.09.2016,11.73,11.85,11.92,11.45,83.93K,-1.01%
07.09.2016,11.64,11.73,11.82,11.6,24.16K,-0.77%
08.09.2016,11.45,11.64,11.96,11.26,74.77K,-1.63%
09.09.2016,11.68,11.45,11.9,11.4,201.86K,2.01%
10.09.2016,12.13,11.72,12.18,11.58,89.50K,3.85%
11.09.2016,11.68,12.13,12.3,11.6,137.76K,-3.71%
12.09.2016,12.0,11.8,12.05,11.67,61.67K,2.74%
13.09.2016,12.01,12.0,12.55,11.86,529.70K,0.08%
14.09.2016,11.94,12.01,12.33,11.91,137.28K,-0.58%
15.09.2016,12.01,11.94,12.41,11.91,275.08K,0.59%
16.09.2016,12.68,12.0,12.82,11.99,194.02K,5.58%
17.09.2016,12.8,12.6,12.87,12.51,37.37K,0.95%
18.09.2016,12.32,12.73,13.1,12.26,351.07K,-3.75%
19.09.2016,12.9,12.49,13.1,12.48,99.47K,4.71%
20.09.2016,14.45,13.15,15.4,13.08,311.67K,12.02%
21.09.2016,13.74,14.3,14.35,13.16,205.50K,-4.91%
22.09.2016,13.17,13.65,13.7,12.47,270.59K,-4.15%
23.09.2016,13.36,13.3,13.5,13.1,25.35K,1.44%
24.09.2016,12.86,13.39,13.47,12.71,77.54K,-3.74%
25.09.2016,13.05,12.86,13.2,12.77,39.82K,1.48%
26.09.2016,12.9,13.14,13.14,12.81,59.60K,-1.15%
27.09.2016,13.08,12.9,13.27,12.85,72.70K,1.40%
28.09.2016,13.25,13.08,13.49,13.04,60.21K,1.30%
29.09.2016,13.1,13.25,13.33,13.07,53.46K,-1.13%
30.09.2016,13.3,13.1,13.43,13.05,45.49K,1.53%
01.10.2016,13.18,13.25,13.31,13.05,46.90K,-0.90%
02.10.2016,13.16,13.18,13.33,13.0,51.87K,-0.15%
03.10.2016,13.44,13.22,13.5,13.17,25.57K,2.13%
04.10.2016,13.33,13.44,13.5,13.22,67.87K,-0.82%
05.10.2016,13.11,13.33,13.39,13.08,62.14K,-1.65%
06.10.2016,12.84,13.11,13.15,12.62,63.15K,-2.06%
07.10.2016,12.69,12.84,13.0,12.56,75.19K,-1.17%
08.10.2016,12.26,12.73,12.76,12.0,131.49K,-3.39%
09.10.2016,12.01,12.26,12.56,11.99,166.94K,-2.04%
10.10.2016,11.73,12.03,12.09,11.6,298.65K,-2.33%
11.10.2016,11.78,11.76,12.33,11.76,123.36K,0.43%
12.10.2016,11.72,11.84,12.06,11.68,132.18K,-0.51%
13.10.2016,12.07,11.72,12.12,11.72,61.29K,2.99%
14.10.2016,11.93,12.07,12.1,11.9,23.54K,-1.16%
15.10.2016,12.01,11.96,12.05,11.83,40.42K,0.67%
16.10.2016,11.98,12.01,12.06,11.92,20.47K,-0.25%
17.10.2016,12.0,11.98,12.03,11.81,90.21K,0.17%
18.10.2016,12.54,12.0,12.91,11.98,238.07K,4.50%
19.10.2016,11.99,12.54,12.62,11.95,130.47K,-4.39%
20.10.2016,12.09,11.99,12.32,11.99,86.20K,0.83%
21.10.2016,12.16,12.1,12.2,12.09,17.73K,0.58%
22.10.2016,12.29,12.16,12.37,12.08,20.75K,1.07%
23.10.2016,12.07,12.25,12.26,11.99,32.34K,-1.79%
24.10.2016,11.99,12.07,12.23,11.98,48.14K,-0.66%
25.10.2016,11.36,11.99,12.0,11.12,112.86K,-5.25%
26.10.2016,11.5,11.36,11.72,11.36,67.67K,1.23%
27.10.2016,11.57,11.5,11.66,11.23,110.49K,0.61%
28.10.2016,11.15,11.57,11.7,10.85,191.96K,-3.63%
29.10.2016,10.38,11.15,11.26,9.5,288.19K,-6.91%
30.10.2016,11.28,10.38,11.53,10.31,88.77K,8.67%
31.10.2016,10.96,11.28,11.5,10.88,134.67K,-2.84%
01.11.2016,10.81,10.96,11.21,10.41,129.67K,-1.37%
02.11.2016,10.86,10.81,11.25,10.76,91.37K,0.46%
03.11.2016,10.86,10.94,11.18,10.81,106.82K,0.00%
04.11.2016,11.21,10.86,11.24,10.85,49.91K,3.22%
05.11.2016,11.17,11.23,11.24,10.99,18.15K,-0.36%
06.11.2016,10.91,11.15,11.27,10.91,10.86K,-2.33%
07.11.2016,10.88,10.91,11.1,10.85,83.63K,-0.27%
08.11.2016,10.92,10.88,11.21,10.79,63.48K,0.37%
09.11.2016,10.72,10.92,10.92,10.2,80.20K,-1.83%
10.11.2016,10.54,10.66,10.69,10.52,7.61K,-1.68%
11.11.2016,10.27,10.54,10.58,10.26,17.38K,-2.56%
12.11.2016,10.01,10.27,10.32,9.7,64.35K,-2.53%
13.11.2016,10.08,10.01,10.37,9.68,31.68K,0.70%
14.11.2016,10.0,10.08,10.19,9.96,17.17K,-0.79%
15.11.2016,10.27,10.0,10.41,9.72,52.59K,2.70%
16.11.2016,10.02,10.19,10.5,9.93,116.69K,-2.43%
17.11.2016,9.99,10.02,10.27,9.9,103.19K,-0.30%
18.11.2016,9.52,9.96,10.03,9.46,57.23K,-4.70%
19.11.2016,9.73,9.54,9.86,9.48,62.93K,2.21%
20.11.2016,9.57,9.68,9.76,9.49,29.01K,-1.64%
21.11.2016,9.61,9.54,9.68,9.51,8.65K,0.42%
22.11.2016,9.84,9.61,10.26,9.54,102.99K,2.39%
23.11.2016,9.69,9.89,9.92,9.68,27.92K,-1.52%
24.11.2016,9.2,9.69,9.85,8.7,118.31K,-5.06%
25.11.2016,9.38,9.17,9.69,9.17,60.92K,1.96%
26.11.2016,9.33,9.38,9.53,9.22,14.11K,-0.53%
27.11.2016,8.88,9.33,9.33,8.7,62.34K,-4.82%
28.11.2016,8.7,8.97,9.02,8.65,41.96K,-2.03%
29.11.2016,8.16,8.7,8.74,7.74,188.40K,-6.21%
30.11.2016,8.62,8.16,8.76,8.11,124.27K,5.64%
01.12.2016,8.46,8.61,8.61,8.36,95.25K,-1.86%
02.12.2016,7.7,8.43,8.43,7.1,490.14K,-8.98%
03.12.2016,7.91,7.76,8.1,7.64,195.76K,2.73%
04.12.2016,7.55,7.85,7.91,7.42,34.39K,-4.55%
05.12.2016,6.7,7.4,7.57,6.5,256.00K,-11.26%
06.12.2016,7.71,6.68,7.88,5.86,607.54K,15.07%
07.12.2016,8.33,7.6,8.7,7.27,161.04K,8.04%
08.12.2016,8.3,8.35,8.84,8.24,170.04K,-0.36%
09.12.2016,8.52,8.1,8.65,8.02,54.71K,2.65%
10.12.2016,8.12,8.42,8.55,7.94,35.85K,-4.69%
11.12.2016,8.19,8.14,8.25,8.0,22.61K,0.86%
12.12.2016,8.45,8.19,8.63,8.09,81.63K,3.17%
13.12.2016,8.36,8.49,8.49,8.3,21.60K,-1.07%
14.12.2016,8.21,8.44,8.49,8.2,14.71K,-1.79%
15.12.2016,7.83,8.16,8.23,7.71,145.04K,-4.63%
16.12.2016,7.86,7.86,7.96,7.77,56.48K,0.38%
17.12.2016,7.73,7.86,7.9,7.47,147.34K,-1.65%
18.12.2016,7.93,7.88,7.94,7.74,21.50K,2.59%
19.12.2016,7.58,7.93,7.93,7.58,26.01K,-4.41%
20.12.2016,7.61,7.63,7.75,7.55,55.33K,0.40%
21.12.2016,7.89,7.68,7.96,7.64,52.44K,3.68%
22.12.2016,7.61,7.84,7.84,7.46,118.35K,-3.55%
23.12.2016,7.16,7.55,7.68,7.11,139.04K,-5.91%
24.12.2016,7.25,7.11,7.35,7.11,56.77K,1.26%
25.12.2016,7.23,7.25,7.32,7.17,16.44K,-0.28%
26.12.2016,7.27,7.11,7.35,7.05,78.87K,0.55%
27.12.2016,7.12,7.27,7.33,7.08,40.80K,-2.06%
28.12.2016,7.58,7.2,7.76,7.1,177.26K,6.46%
29.12.2016,8.27,7.62,8.6,7.62,291.60K,9.10%
30.12.2016,8.16,8.27,8.5,8.05,56.74K,-1.33%
31.12.2016,8.0,8.17,8.35,8.0,200.24K,-1.96%
01.01.2017,8.2,8.17,8.59,8.03,144.92K,2.50%
02.01.2017,8.37,8.19,8.5,8.11,101.27K,2.07%
03.01.2017,9.74,8.43,9.9,8.3,603.42K,16.37%
04.01.2017,11.0,9.57,11.1,9.44,556.25K,12.94%
05.01.2017,10.15,11.16,11.7,9.2,490.64K,-7.73%
06.01.2017,10.08,10.23,10.4,9.47,144.69K,-0.69%
07.01.2017,9.84,10.09,10.19,9.48,107.33K,-2.38%
08.01.2017,10.28,9.8,10.48,9.8,116.55K,4.47%
09.01.2017,10.26,10.43,10.84,9.5,165.98K,-0.19%
10.01.2017,10.61,10.43,10.75,10.2,96.97K,3.41%
11.01.2017,9.79,10.61,10.7,9.41,159.09K,-7.73%
12.01.2017,9.83,9.48,10.04,9.08,120.95K,0.41%
13.01.2017,9.67,9.83,9.83,9.39,39.76K,-1.63%
14.01.2017,9.67,9.72,9.87,9.51,17.44K,0.00%
15.01.2017,9.81,9.67,9.83,9.6,16.89K,1.45%
16.01.2017,9.61,9.72,9.78,9.55,16.03K,-2.04%
17.01.2017,10.12,9.54,10.6,9.53,237.84K,5.31%
18.01.2017,10.19,10.3,10.49,9.74,99.39K,0.69%
19.01.2017,10.38,10.31,10.51,10.15,50.64K,1.86%
20.01.2017,10.62,10.38,10.75,10.3,63.55K,2.31%
21.01.2017,10.95,10.64,11.09,10.56,125.31K,3.11%
22.01.2017,10.64,10.91,10.98,10.34,140.66K,-2.83%
23.01.2017,10.77,10.64,10.83,10.59,54.39K,1.22%
24.01.2017,10.5,10.58,10.75,10.46,105.21K,-2.51%
25.01.2017,10.48,10.52,10.58,10.35,26.19K,-0.19%
26.01.2017,10.63,10.49,10.63,10.43,84.72K,1.43%
27.01.2017,10.5,10.52,10.58,10.36,61.25K,-1.22%
28.01.2017,10.51,10.5,10.54,10.35,102.56K,0.10%
29.01.2017,10.46,10.49,10.51,10.38,38.28K,-0.48%
30.01.2017,10.53,10.44,10.69,10.38,107.00K,0.67%
31.01.2017,10.71,10.5,10.74,10.38,250.34K,1.71%
01.02.2017,10.71,10.71,10.77,10.41,113.79K,0.00%
02.02.2017,10.8,10.71,10.84,10.53,149.42K,0.84%
03.02.2017,10.93,10.78,10.93,10.55,102.56K,1.20%
04.02.2017,11.32,11.0,11.4,11.0,158.07K,3.57%
05.02.2017,11.18,11.32,11.37,11.05,48.07K,-1.24%
06.02.2017,11.32,11.18,11.33,11.12,69.66K,1.25%
07.02.2017,11.41,11.31,11.5,11.25,116.31K,0.80%
08.02.2017,11.35,11.45,11.6,11.0,78.89K,-0.53%
09.02.2017,10.9,11.35,11.51,10.41,205.68K,-3.96%
10.02.2017,11.3,10.95,11.39,10.75,141.08K,3.67%
11.02.2017,11.33,11.27,11.38,11.13,73.26K,0.27%
12.02.2017,11.26,11.33,11.4,11.22,35.22K,-0.62%
13.02.2017,11.35,11.33,11.37,11.05,59.34K,0.80%
14.02.2017,12.96,11.32,13.4,11.32,613.95K,14.19%
15.02.2017,12.92,13.02,13.15,12.59,302.77K,-0.31%
16.02.2017,12.92,12.92,12.99,12.57,116.46K,0.00%
17.02.2017,12.76,12.92,12.92,12.6,86.68K,-1.24%
18.02.2017,12.79,12.76,12.9,12.7,67.30K,0.24%
19.02.2017,12.8,12.79,12.94,12.7,54.51K,0.08%
20.02.2017,12.4,12.8,12.91,12.4,91.26K,-3.13%
21.02.2017,12.82,12.4,12.89,12.25,174.10K,3.39%
22.02.2017,12.68,12.82,12.85,12.6,47.57K,-1.09%
23.02.2017,13.27,12.68,13.37,12.6,168.68K,4.65%
24.02.2017,13.11,13.27,13.31,12.7,145.36K,-1.21%
25.02.2017,13.55,13.11,13.8,13.05,223.07K,3.36%
26.02.2017,14.57,13.55,14.66,13.3,284.67K,7.53%
27.02.2017,15.5,14.57,15.75,14.3,469.29K,6.38%
28.02.2017,15.86,15.5,16.23,15.18,616.60K,2.32%
01.03.2017,17.43,15.86,17.49,15.62,343.43K,9.90%
02.03.2017,19.02,17.43,19.45,16.3,903.09K,9.12%
03.03.2017,19.49,19.02,20.73,18.43,981.00K,2.47%
04.03.2017,18.5,19.49,20.0,18.4,331.95K,-5.08%
05.03.2017,19.35,18.5,19.45,18.15,226.39K,4.59%
06.03.2017,19.51,19.35,20.23,19.14,316.91K,0.83%
07.03.2017,18.88,19.51,19.67,18.5,228.66K,-3.23%
08.03.2017,16.51,18.88,18.88,16.51,562.05K,-12.55%
09.03.2017,17.75,16.51,18.0,16.25,281.60K,7.51%
10.03.2017,19.18,17.75,19.7,16.5,824.86K,8.06%
11.03.2017,21.3,19.18,21.45,18.83,661.77K,11.05%
12.03.2017,23.2,21.3,23.23,21.05,786.85K,8.92%
13.03.2017,28.4,23.2,30.6,23.2,1.78M,22.41%
14.03.2017,28.66,28.4,29.93,27.0,701.89K,0.92%
15.03.2017,34.8,28.66,34.8,28.36,1.36M,21.42%
16.03.2017,45.07,34.8,46.21,34.8,3.06M,29.51%
17.03.2017,44.65,45.07,51.88,32.84,3.39M,-0.93%
18.03.2017,34.2,44.65,44.99,31.1,2.12M,-23.40%
19.03.2017,43.17,34.2,45.69,34.1,1.69M,26.23%
20.03.2017,42.06,43.17,45.13,39.47,875.00K,-2.57%
21.03.2017,42.45,42.06,43.7,41.15,462.96K,0.93%
22.03.2017,41.46,42.45,42.95,38.51,488.53K,-2.33%
23.03.2017,43.14,41.46,44.75,40.22,523.65K,4.05%
24.03.2017,54.01,43.14,58.99,42.5,1.64M,25.20%
25.03.2017,50.75,54.01,54.9,47.46,1.15M,-6.04%
26.03.2017,50.46,50.75,51.8,46.55,461.99K,-0.57%
27.03.2017,48.93,50.46,52.01,47.67,389.87K,-3.03%
28.03.2017,50.16,48.93,50.6,47.95,453.92K,2.51%
29.03.2017,52.88,50.16,54.3,49.4,685.32K,5.42%
30.03.2017,51.62,52.88,53.28,50.75,373.98K,-2.38%
31.03.2017,49.72,51.62,51.83,46.82,784.70K,-3.68%
01.04.2017,50.59,49.72,51.87,48.7,386.43K,1.75%
02.04.2017,48.6,50.59,51.59,47.7,784.60K,-3.93%
03.04.2017,44.28,48.6,48.6,42.77,1.17M,-8.89%
04.04.2017,44.41,44.28,45.69,41.05,762.88K,0.29%
05.04.2017,45.35,44.41,47.53,44.19,564.40K,2.12%
06.04.2017,43.11,45.35,46.03,41.25,649.41K,-4.94%
07.04.2017,42.25,43.11,44.53,41.78,277.52K,-1.99%
08.04.2017,44.51,42.25,45.76,42.25,363.84K,5.35%
09.04.2017,43.94,44.51,44.86,43.18,177.31K,-1.28%
10.04.2017,44.17,43.94,44.76,43.01,218.12K,0.52%
11.04.2017,44.21,44.17,44.8,43.8,113.37K,0.09%
12.04.2017,46.85,44.21,48.47,43.84,537.21K,5.97%
13.04.2017,50.65,46.85,51.51,46.85,520.86K,8.11%
14.04.2017,48.5,50.65,50.65,47.34,394.47K,-4.24%
15.04.2017,49.71,48.5,50.48,47.95,332.29K,2.49%
16.04.2017,49.58,49.71,49.9,48.87,64.04K,-0.26%
17.04.2017,49.52,49.58,50.27,48.88,170.64K,-0.12%
18.04.2017,52.42,49.52,53.0,49.07,643.62K,5.86%
19.04.2017,49.66,52.42,53.0,45.0,460.60K,-5.27%
20.04.2017,51.96,49.66,52.45,48.6,347.61K,4.63%
21.04.2017,51.37,51.96,52.27,51.1,156.43K,-1.14%
22.04.2017,52.15,51.37,52.78,51.03,125.32K,1.52%
23.04.2017,53.33,52.15,54.44,51.75,186.86K,2.26%
24.04.2017,53.54,53.33,54.48,53.0,202.96K,0.39%
25.04.2017,53.9,53.54,54.21,53.25,97.44K,0.67%
26.04.2017,57.31,53.9,58.38,53.66,530.34K,6.33%
27.04.2017,68.0,57.31,68.0,56.92,526.52K,18.65%
28.04.2017,76.0,68.0,77.4,66.0,959.41K,11.76%
29.04.2017,73.55,76.0,77.6,71.2,474.76K,-3.22%
30.04.2017,83.51,73.55,84.0,72.6,492.64K,13.54%
01.05.2017,81.4,83.51,88.1,66.0,1.26M,-2.53%
02.05.2017,82.01,81.4,85.18,79.49,361.70K,0.75%
03.05.2017,85.79,82.01,86.62,81.0,357.12K,4.61%
04.05.2017,99.2,85.79,99.78,84.61,822.13K,15.63%
05.05.2017,91.5,99.2,101.7,88.2,718.17K,-7.76%
06.05.2017,96.65,91.5,96.84,90.53,243.52K,5.63%
07.05.2017,94.21,96.65,98.0,90.89,219.19K,-2.52%
08.05.2017,88.97,94.21,95.48,88.11,349.34K,-5.56%
09.05.2017,88.94,88.97,91.1,77.76,703.65K,-0.03%
10.05.2017,88.33,88.94,92.46,86.6,195.51K,-0.69%
11.05.2017,89.38,88.33,91.5,87.35,210.47K,1.19%
12.05.2017,86.99,89.38,92.0,83.85,283.23K,-2.67%
13.05.2017,89.9,86.99,89.99,84.5,106.01K,3.35%
14.05.2017,90.37,89.9,91.92,88.11,173.21K,0.52%
15.05.2017,92.56,90.37,95.17,90.37,403.46K,2.42%
16.05.2017,88.17,92.56,93.48,85.43,193.41K,-4.74%
17.05.2017,89.67,88.17,90.93,83.77,174.84K,1.70%
18.05.2017,98.6,89.67,98.89,89.42,437.25K,9.96%
19.05.2017,124.4,98.6,129.25,98.31,900.72K,26.17%
20.05.2017,123.03,124.4,128.95,119.54,429.97K,-1.10%
21.05.2017,146.14,123.03,146.4,122.32,769.98K,18.78%
22.05.2017,154.92,146.14,190.0,136.8,1.65M,6.01%
23.05.2017,168.24,154.92,174.3,148.6,507.16K,8.60%
24.05.2017,183.88,168.24,197.41,166.33,645.09K,9.30%
25.05.2017,168.71,183.88,206.06,155.0,862.96K,-8.25%
26.05.2017,152.8,168.71,187.0,143.64,649.59K,-9.43%
27.05.2017,149.99,152.8,161.0,110.42,1.26M,-1.84%
28.05.2017,161.91,149.99,172.79,149.66,643.59K,7.95%
29.05.2017,189.99,161.91,191.3,155.01,472.38K,17.34%
30.05.2017,224.69,189.99,229.98,182.0,757.87K,18.26%
31.05.2017,218.34,224.69,230.55,200.9,584.48K,-2.83%
01.06.2017,211.4,218.34,227.32,196.0,453.56K,-3.18%
02.06.2017,214.77,211.4,219.21,208.23,152.45K,1.59%
03.06.2017,217.01,214.77,217.99,210.01,96.06K,1.04%
04.06.2017,241.06,217.01,245.98,216.1,375.99K,11.08%
05.06.2017,242.16,241.06,244.29,231.72,202.57K,0.46%
06.06.2017,261.89,242.16,264.99,238.23,412.07K,8.15%
07.06.2017,250.7,261.89,263.7,241.01,253.51K,-4.27%
08.06.2017,256.95,250.7,258.93,242.04,147.19K,2.49%
09.06.2017,278.41,256.95,279.9,256.95,271.54K,8.35%
10.06.2017,325.88,278.41,341.94,278.26,564.75K,17.05%
11.06.2017,336.33,325.88,347.0,310.0,503.72K,3.21%
12.06.2017,386.9,336.33,412.21,297.0,1.17M,15.04%
13.06.2017,382.7,386.9,395.0,345.61,442.31K,-1.09%
14.06.2017,335.95,382.7,385.73,315.0,593.56K,-12.22%
15.06.2017,338.7,335.95,344.0,265.0,1.15M,0.82%
16.06.2017,348.44,338.7,355.51,305.22,347.87K,2.88%
17.06.2017,364.56,348.44,366.08,332.0,219.77K,4.63%
18.06.2017,348.88,364.56,377.46,336.89,283.22K,-4.30%
19.06.2017,355.5,348.88,362.5,344.13,174.45K,1.90%
20.06.2017,344.15,355.5,366.52,328.0,342.67K,-3.19%
21.06.2017,321.66,344.15,348.5,287.11,642.80K,-6.53%
22.06.2017,320.94,321.66,328.99,305.0,351.82K,-0.22%
23.06.2017,324.37,320.94,329.9,316.36,105.60K,1.07%
24.06.2017,296.89,324.37,327.55,291.53,195.47K,-8.47%
25.06.2017,277.0,296.89,306.39,253.2,508.55K,-6.70%
26.06.2017,251.3,277.0,286.85,214.99,1.36M,-9.28%
27.06.2017,279.0,251.3,279.0,204.11,1.09M,11.02%
28.06.2017,311.62,279.0,318.27,255.0,910.35K,11.69%
29.06.2017,285.3,311.62,318.27,276.0,620.08K,-8.45%
30.06.2017,275.62,285.3,301.9,267.35,386.78K,-3.39%
01.07.2017,255.0,275.62,277.63,238.0,716.32K,-7.48%
02.07.2017,277.64,255.0,285.91,242.81,488.52K,8.88%
03.07.2017,273.99,277.64,283.98,266.45,336.35K,-1.31%
04.07.2017,266.68,273.99,283.0,260.0,425.00K,-2.67%
05.07.2017,264.77,266.68,272.12,249.53,436.76K,-0.72%
06.07.2017,265.35,264.77,273.0,258.37,240.42K,0.22%
07.07.2017,238.38,265.35,265.8,233.84,496.51K,-10.16%
08.07.2017,245.23,238.38,246.66,226.68,365.16K,2.87%
09.07.2017,234.97,245.23,249.0,234.15,201.47K,-4.18%
10.07.2017,202.0,234.97,238.01,187.5,1.01M,-14.03%
11.07.2017,188.63,202.0,215.0,169.0,1.56M,-6.62%
12.07.2017,223.92,188.63,225.0,177.78,1.09M,18.71%
13.07.2017,205.0,223.92,224.99,189.46,842.98K,-8.45%
14.07.2017,196.49,205.0,207.76,179.58,971.73K,-4.15%
15.07.2017,170.15,196.49,197.8,169.82,694.52K,-13.41%
16.07.2017,157.4,170.15,172.7,136.12,2.11M,-7.49%
17.07.2017,190.16,157.4,190.61,155.0,1.45M,20.81%
18.07.2017,226.56,190.16,258.0,177.5,2.52M,19.14%
19.07.2017,194.63,226.56,245.61,187.0,2.33M,-14.09%
20.07.2017,227.29,194.63,238.0,194.63,2.11M,16.78%
21.07.2017,216.11,227.29,239.0,208.0,853.87K,-4.92%
22.07.2017,232.01,216.11,237.19,214.35,556.21K,7.36%
23.07.2017,228.15,232.01,236.57,219.0,410.73K,-1.66%
24.07.2017,226.59,228.15,232.56,223.64,355.76K,-0.68%
25.07.2017,202.7,226.59,227.69,190.49,1.08M,-10.54%
26.07.2017,203.33,202.7,209.59,191.76,685.64K,0.31%
27.07.2017,202.54,203.33,207.0,197.86,410.96K,-0.39%
28.07.2017,191.2,202.54,204.19,188.1,493.90K,-5.60%
29.07.2017,206.76,191.2,213.0,176.95,866.05K,8.14%
30.07.2017,195.31,206.76,210.76,192.21,522.57K,-5.54%
31.07.2017,200.81,195.31,201.5,188.12,444.15K,2.82%
01.08.2017,225.97,200.81,232.59,200.8,1.23M,12.53%
02.08.2017,218.0,225.97,229.7,215.0,558.15K,-3.53%
03.08.2017,224.79,218.0,228.2,217.07,336.65K,3.11%
04.08.2017,220.73,224.79,228.3,218.66,292.12K,-1.81%
05.08.2017,253.87,220.73,259.9,219.23,822.05K,15.01%
06.08.2017,264.29,253.87,271.5,251.0,734.52K,4.10%
07.08.2017,269.51,264.29,274.6,257.32,511.60K,1.98%
08.08.2017,295.83,269.51,299.5,265.0,726.47K,9.77%
09.08.2017,293.99,295.83,316.0,277.0,1.40M,-0.62%
10.08.2017,295.97,293.99,310.05,287.6,543.93K,0.67%
11.08.2017,308.81,295.97,310.42,294.0,455.52K,4.34%
12.08.2017,307.22,308.81,319.78,299.0,561.91K,-0.51%
13.08.2017,296.64,307.22,308.0,285.21,582.97K,-3.44%
14.08.2017,298.22,296.64,306.48,293.99,371.28K,0.53%
15.08.2017,286.0,298.22,299.91,272.29,629.18K,-4.10%
16.08.2017,301.34,286.0,304.0,279.94,526.52K,5.36%
17.08.2017,299.0,301.34,312.0,297.01,465.80K,-0.78%
18.08.2017,292.0,299.0,307.0,286.0,578.06K,-2.34%
19.08.2017,292.78,292.0,298.51,280.0,554.28K,0.27%
20.08.2017,298.37,292.78,299.0,286.96,304.35K,1.91%
21.08.2017,322.24,298.37,346.99,294.53,1.15M,8.00%
22.08.2017,312.54,322.24,329.96,285.01,857.28K,-3.01%
23.08.2017,316.5,312.54,325.0,311.65,402.80K,1.27%
24.08.2017,325.62,316.5,329.56,314.14,326.98K,2.88%
25.08.2017,328.7,325.62,338.25,324.04,378.01K,0.95%
26.08.2017,332.72,328.7,334.6,324.5,315.62K,1.22%
27.08.2017,348.01,332.72,348.01,331.88,362.05K,4.60%
28.08.2017,347.09,348.01,352.0,332.74,389.24K,-0.26%
29.08.2017,372.0,347.09,375.98,346.42,631.68K,7.18%
30.08.2017,382.78,372.0,390.1,365.1,660.23K,2.90%
31.08.2017,387.3,382.78,390.0,380.1,345.07K,1.18%
01.09.2017,390.35,387.3,395.03,383.6,461.31K,0.79%
02.09.2017,345.0,390.35,390.77,325.1,1.08M,-11.62%
03.09.2017,350.63,345.0,368.4,328.33,742.59K,1.63%
04.09.2017,295.81,350.63,351.59,275.0,1.99M,-15.63%
05.09.2017,316.18,295.81,323.17,267.64,1.34M,6.89%
06.09.2017,337.36,316.18,339.5,314.81,805.38K,6.70%
07.09.2017,334.1,337.36,338.66,321.1,582.98K,-0.97%
08.09.2017,304.0,334.1,334.58,291.0,1.08M,-9.01%
09.09.2017,303.08,304.0,307.08,291.46,594.28K,-0.30%
10.09.2017,297.9,303.08,305.0,276.11,891.44K,-1.71%
11.09.2017,297.19,297.9,308.0,287.33,609.03K,-0.24%
12.09.2017,293.9,297.19,316.73,283.0,915.33K,-1.11%
13.09.2017,275.48,293.9,294.16,256.0,1.57M,-6.27%
14.09.2017,222.5,275.48,281.01,221.71,2.25M,-19.23%
15.09.2017,258.68,222.5,269.0,198.0,3.34M,16.26%
16.09.2017,253.0,258.68,270.0,242.2,1.08M,-2.20%
17.09.2017,257.0,253.0,263.69,239.0,685.70K,1.58%
18.09.2017,296.81,257.0,299.89,257.0,1.33M,15.49%
19.09.2017,282.63,296.81,299.0,275.0,941.08K,-4.78%
20.09.2017,283.5,282.63,294.0,277.0,512.32K,0.31%
21.09.2017,256.67,283.5,287.53,251.52,1.03M,-9.46%
22.09.2017,262.19,256.67,269.5,253.03,643.20K,2.15%
23.09.2017,285.9,262.19,287.2,259.01,570.42K,9.04%
24.09.2017,282.0,285.9,294.54,275.41,687.97K,-1.36%
25.09.2017,295.2,282.0,297.93,281.8,652.31K,4.68%
26.09.2017,289.28,295.2,296.38,285.2,366.53K,-2.01%
27.09.2017,309.75,289.28,315.51,286.93,748.36K,7.08%
28.09.2017,302.63,309.75,310.69,297.75,491.02K,-2.30%
29.09.2017,292.66,302.63,303.9,280.5,966.41K,-3.29%
30.09.2017,303.44,292.66,307.76,292.3,459.21K,3.68%
01.10.2017,304.26,303.44,305.57,295.0,385.33K,0.27%
02.10.2017,296.82,304.26,304.63,292.1,468.96K,-2.45%
03.10.2017,291.69,296.82,300.5,285.93,452.02K,-1.73%
04.10.2017,291.4,291.69,296.0,287.56,394.45K,-0.10%
05.10.2017,295.12,291.4,297.92,285.12,317.81K,1.28%
06.10.2017,308.43,295.12,309.59,293.04,373.26K,4.51%
07.10.2017,311.46,308.43,315.0,304.5,409.62K,0.98%
08.10.2017,309.82,311.46,314.39,307.55,363.24K,-0.53%
09.10.2017,297.4,309.82,311.16,287.03,630.80K,-4.01%
10.10.2017,299.32,297.4,307.0,292.57,366.24K,0.65%
11.10.2017,303.2,299.32,306.55,296.6,407.08K,1.30%
12.10.2017,303.06,303.2,310.01,302.1,649.86K,-0.05%
13.10.2017,337.46,303.06,350.0,298.0,1.34M,11.35%
14.10.2017,339.24,337.46,348.0,334.05,528.58K,0.53%
15.10.2017,337.23,339.24,344.89,315.0,875.27K,-0.59%
16.10.2017,334.46,337.23,355.0,330.85,945.25K,-0.82%
17.10.2017,315.65,334.46,334.8,308.0,671.49K,-5.62%
18.10.2017,313.45,315.65,316.21,287.46,885.21K,-0.70%
19.10.2017,306.97,313.45,316.5,304.0,413.13K,-2.07%
20.10.2017,302.61,306.97,313.01,301.04,415.81K,-1.42%
21.10.2017,299.23,302.61,303.0,289.31,368.61K,-1.12%
22.10.2017,293.55,299.23,305.62,289.4,334.09K,-1.90%
23.10.2017,284.85,293.55,293.96,273.5,597.47K,-2.96%
24.10.2017,296.3,284.85,311.85,280.02,758.33K,4.02%
25.10.2017,295.46,296.3,300.0,288.5,329.33K,-0.28%
26.10.2017,295.1,295.46,299.0,290.55,207.77K,-0.12%
27.10.2017,295.99,295.1,299.5,291.6,239.63K,0.30%
28.10.2017,293.49,295.99,297.01,288.6,245.78K,-0.84%
29.10.2017,304.39,293.49,312.49,290.5,583.18K,3.71%
30.10.2017,307.0,304.39,314.4,303.93,301.72K,0.86%
31.10.2017,303.69,307.0,312.0,303.1,285.81K,-1.08%
01.11.2017,288.6,303.69,305.11,287.04,538.44K,-4.97%
02.11.2017,284.89,288.6,293.01,275.21,910.76K,-1.29%
03.11.2017,303.47,284.89,307.36,284.0,760.96K,6.52%
04.11.2017,299.48,303.47,304.38,293.0,463.88K,-1.31%
05.11.2017,295.63,299.48,301.0,292.28,345.21K,-1.29%
06.11.2017,296.9,295.63,310.0,292.0,557.78K,0.43%
07.11.2017,291.42,296.9,304.2,285.01,757.80K,-1.85%
08.11.2017,307.5,291.42,318.9,290.11,1.17M,5.52%
09.11.2017,319.52,307.5,328.8,305.0,881.18K,3.91%
10.11.2017,296.18,319.52,324.03,286.0,1.16M,-7.30%
11.11.2017,313.07,296.18,319.88,294.7,604.70K,5.70%
12.11.2017,303.9,313.07,316.99,293.33,879.41K,-2.93%
13.11.2017,313.22,303.9,318.0,302.4,696.37K,3.07%
14.11.2017,334.28,313.22,336.69,313.22,854.09K,6.72%
15.11.2017,330.59,334.28,339.61,321.5,584.66K,-1.10%
16.11.2017,330.76,330.59,335.11,321.18,521.94K,0.05%
17.11.2017,331.0,331.16,335.01,325.0,530.71K,0.07%
18.11.2017,346.68,331.0,350.4,325.32,518.81K,4.74%
19.11.2017,354.7,346.68,371.0,343.28,618.02K,2.31%
20.11.2017,367.94,354.7,373.7,352.03,519.57K,3.73%
21.11.2017,360.0,367.94,373.5,350.0,696.99K,-2.16%
22.11.2017,380.48,360.0,381.89,358.8,486.17K,5.69%
23.11.2017,405.19,380.48,426.27,374.34,925.00K,6.49%
24.11.2017,470.51,405.19,478.5,397.37,903.70K,16.12%
25.11.2017,464.0,469.89,481.99,454.4,589.72K,-1.38%
26.11.2017,464.0,464.0,464.0,464.0,-,0.00%
27.11.2017,473.44,464.0,491.89,458.25,671.20K,2.03%
28.11.2017,465.56,473.44,479.0,457.2,538.34K,-1.66%
29.11.2017,420.34,465.56,517.0,403.01,801.26K,-9.71%
30.11.2017,432.21,420.34,454.95,385.4,785.98K,2.82%
01.12.2017,460.67,432.21,467.0,413.96,594.10K,6.58%
02.12.2017,455.51,460.67,472.0,447.0,473.67K,-1.12%
03.12.2017,459.49,455.51,482.69,431.04,482.91K,0.87%
04.12.2017,465.0,459.49,471.06,439.27,431.18K,1.20%
05.12.2017,451.87,465.0,467.38,444.17,656.34K,-2.82%
06.12.2017,413.71,451.87,454.23,403.0,1.29M,-8.44%
07.12.2017,415.02,413.71,429.0,390.0,1.13M,0.32%
08.12.2017,442.19,415.02,453.61,400.34,1.12M,6.55%
09.12.2017,460.92,442.19,487.8,441.0,1.13M,4.24%
10.12.2017,429.24,460.92,460.92,413.3,875.79K,-6.87%
11.12.2017,515.25,429.24,531.2,429.14,784.74K,20.04%
12.12.2017,634.87,515.25,646.92,497.75,1.49M,23.22%
13.12.2017,690.69,634.87,742.0,573.0,2.40M,8.79%
14.12.2017,686.51,690.69,760.0,651.0,1.73M,-0.61%
15.12.2017,678.29,686.51,698.31,610.0,1.26M,-1.20%
16.12.2017,683.25,678.29,711.96,672.51,703.29K,0.73%
17.12.2017,708.78,683.25,725.0,683.24,737.16K,3.74%
18.12.2017,783.99,708.78,798.9,660.0,1.47M,10.61%
19.12.2017,799.98,783.99,863.0,750.01,1.81M,2.04%
20.12.2017,794.99,799.98,826.2,709.0,1.48M,-0.62%
21.12.2017,786.97,794.99,848.08,747.1,1.20M,-1.01%
22.12.2017,628.19,786.97,792.0,492.01,2.73M,-20.18%
23.12.2017,672.59,628.19,717.0,616.19,842.43K,7.07%
24.12.2017,659.89,672.59,675.0,560.0,1.09M,-1.89%
25.12.2017,709.81,659.89,737.0,651.76,764.73K,7.56%
26.12.2017,749.8,709.81,749.8,708.83,521.74K,5.63%
27.12.2017,736.45,749.8,766.06,703.27,587.33K,-1.78%
28.12.2017,711.42,736.45,740.3,652.0,893.82K,-3.40%
29.12.2017,731.52,711.42,755.0,703.02,716.87K,2.83%
30.12.2017,682.22,731.52,737.56,640.43,936.94K,-6.74%
31.12.2017,736.77,682.22,741.99,675.56,536.84K,8.00%
01.01.2018,752.46,736.77,762.0,717.94,425.46K,2.13%
02.01.2018,858.78,752.46,890.0,752.46,1.47M,14.13%
03.01.2018,942.01,858.78,954.73,840.0,1.09M,9.69%
04.01.2018,940.0,942.01,997.0,893.24,1.22M,-0.21%
05.01.2018,962.77,939.3,1023.6,930.0,1.04M,2.42%
06.01.2018,1004.3,962.77,1014.2,951.38,447.26K,4.31%
07.01.2018,1115.8,1004.3,1116.0,999.5,699.39K,11.10%
08.01.2018,1129.3,1115.9,1225.0,968.12,1.54M,1.21%
09.01.2018,1283.7,1129.4,1299.0,1119.1,1.04M,13.67%
10.01.2018,1248.0,1285.7,1381.9,1203.2,1.33M,-2.78%
11.01.2018,1135.5,1245.9,1331.8,1102.5,1.26M,-9.01%
12.01.2018,1257.2,1135.1,1285.0,1083.4,732.33K,10.72%
13.01.2018,1380.0,1257.0,1423.2,1252.6,709.74K,9.77%
14.01.2018,1350.0,1379.9,1385.0,1256.0,618.61K,-2.17%
15.01.2018,1273.4,1349.9,1377.9,1264.4,481.87K,-5.67%
16.01.2018,1020.1,1275.8,1278.8,868.98,2.35M,-19.89%
17.01.2018,1017.5,1019.6,1088.3,770.1,2.40M,-0.25%
18.01.2018,994.81,1020.1,1079.0,940.0,1.31M,-2.23%
19.01.2018,1032.6,993.92,1079.0,960.1,612.19K,3.80%
20.01.2018,1146.0,1032.6,1160.0,1029.6,573.52K,10.98%
21.01.2018,1047.0,1146.3,1146.3,1001.5,691.69K,-8.64%
22.01.2018,995.08,1047.0,1084.1,912.76,835.88K,-4.96%
23.01.2018,982.98,995.26,1022.0,905.38,798.28K,-1.22%
24.01.2018,1063.2,982.11,1068.8,952.04,606.14K,8.16%
25.01.2018,1048.2,1061.8,1102.4,1025.1,567.30K,-1.41%
26.01.2018,1047.0,1048.2,1078.6,983.0,485.47K,-0.11%
27.01.2018,1114.8,1046.9,1125.3,1031.6,370.17K,6.48%
28.01.2018,1246.6,1114.7,1264.8,1109.0,662.74K,11.82%
29.01.2018,1175.0,1245.5,1259.8,1155.9,488.44K,-5.74%
30.01.2018,1071.9,1174.36,1178.92,1042.9,1.42M,-8.77%
31.01.2018,1118.08,1072.17,1126.87,1028.03,990.74K,4.31%
01.02.2018,1033.55,1118.15,1157.09,970.42,1.76M,-7.56%
02.02.2018,920.85,1033.02,1036.17,766.82,3.03M,-10.90%
03.02.2018,971.49,920.93,997.51,850.38,1.07M,5.50%
04.02.2018,829.43,971.49,972.66,788.79,1.34M,-14.62%
05.02.2018,696.86,828.49,859.72,634.64,2.99M,-15.98%
06.02.2018,783.83,696.75,797.94,568.78,4.29M,12.48%
07.02.2018,753.18,782.72,852.98,719.34,1.98M,-3.91%
08.02.2018,805.4,752.75,831.02,751.76,1.25M,6.93%
09.02.2018,877.85,805.15,879.51,781.97,923.81K,9.00%
10.02.2018,851.39,877.88,908.26,816.72,1.05M,-3.01%
11.02.2018,810.45,851.44,854.1,778.9,988.45K,-4.81%
12.02.2018,865.62,811.01,875.52,810.99,837.42K,6.81%
13.02.2018,841.38,865.72,868.92,822.98,733.53K,-2.80%
14.02.2018,919.67,841.38,922.38,840.82,993.86K,9.30%
15.02.2018,927.56,919.53,945.99,902.56,952.23K,0.86%
16.02.2018,937.5,927.34,945.68,907.33,662.76K,1.07%
17.02.2018,971.54,937.35,972.86,934.49,648.32K,3.63%
18.02.2018,913.1,971.57,980.27,903.28,869.06K,-6.02%
19.02.2018,940.08,913.09,954.94,910.29,552.22K,2.95%
20.02.2018,884.51,940.04,959.41,877.65,788.97K,-5.91%
21.02.2018,839.1,884.94,906.43,818.48,1.01M,-5.13%
22.02.2018,803.66,838.97,878.14,789.92,849.82K,-4.22%
23.02.2018,856.65,803.56,882.61,787.95,868.36K,6.59%
24.02.2018,834.36,854.99,874.49,810.91,669.62K,-2.60%
25.02.2018,840.88,834.1,849.36,818.46,507.82K,0.78%
26.02.2018,866.99,841.28,879.18,835.34,619.75K,3.11%
27.02.2018,871.44,867.06,894.78,861.4,569.30K,0.51%
28.02.2018,852.49,871.58,888.06,850.84,550.74K,-2.17%
01.03.2018,870.04,852.44,879.53,848.41,514.50K,2.06%
02.03.2018,856.09,870.51,875.69,850.47,463.75K,-1.60%
03.03.2018,855.91,855.46,868.51,853.45,407.54K,-0.02%
04.03.2018,865.53,855.91,867.35,838.06,444.49K,1.12%
05.03.2018,850.24,865.53,870.27,850.24,466.38K,-1.77%
06.03.2018,814.88,850.0,851.72,803.9,578.56K,-4.16%
07.03.2018,749.98,814.56,824.83,724.98,945.38K,-7.96%
08.03.2018,698.96,750.09,772.23,689.41,850.15K,-6.80%
09.03.2018,725.89,698.91,728.83,644.46,1.13M,3.85%
10.03.2018,682.52,725.7,746.13,678.46,673.80K,-5.97%
11.03.2018,720.12,682.77,733.33,664.53,690.94K,5.51%
12.03.2018,697.04,720.12,739.25,678.27,664.59K,-3.20%
13.03.2018,689.57,697.06,713.8,680.01,558.73K,-1.07%
14.03.2018,612.09,689.67,702.53,587.1,990.48K,-11.24%
15.03.2018,610.13,612.08,620.01,572.69,991.89K,-0.32%
16.03.2018,600.79,610.36,625.34,585.84,695.58K,-1.53%
17.03.2018,550.27,600.48,609.48,544.51,777.54K,-8.41%
18.03.2018,536.72,549.96,559.19,454.9,2.56M,-2.46%
19.03.2018,556.16,536.72,558.33,516.31,1.46M,3.62%
20.03.2018,557.08,555.75,566.63,517.02,1.16M,0.17%
21.03.2018,560.24,557.09,589.83,545.87,1.01M,0.57%
22.03.2018,539.87,559.9,577.63,517.81,887.95K,-3.63%
23.03.2018,543.42,539.9,543.51,508.36,871.89K,0.66%
24.03.2018,520.45,543.15,545.15,520.05,554.62K,-4.23%
25.03.2018,523.5,520.44,535.11,513.05,495.85K,0.59%
26.03.2018,485.98,523.46,526.22,467.46,1.15M,-7.17%
27.03.2018,448.48,485.97,491.77,446.7,1.31M,-7.72%
28.03.2018,446.84,448.73,465.09,440.84,918.12K,-0.37%
29.03.2018,384.12,446.86,449.33,380.85,2.01M,-14.03%
30.03.2018,393.79,384.13,411.17,366.12,1.96M,2.52%
31.03.2018,393.96,393.75,419.07,390.09,1.21M,0.04%
01.04.2018,378.75,394.1,399.46,359.49,1.24M,-3.86%
02.04.2018,385.07,378.85,393.94,375.67,824.81K,1.67%
03.04.2018,415.55,385.02,418.78,380.89,1.06M,7.92%
04.04.2018,378.68,415.58,416.38,371.35,1.12M,-8.87%
05.04.2018,381.52,378.62,386.91,367.21,903.27K,0.75%
06.04.2018,369.97,381.69,385.7,363.83,700.80K,-3.03%
07.04.2018,384.87,369.97,394.66,369.41,600.40K,4.03%
08.04.2018,400.71,384.85,403.71,384.85,569.26K,4.12%
09.04.2018,399.05,400.67,430.85,388.05,1.30M,-0.41%
10.04.2018,415.45,399.04,417.84,391.81,709.22K,4.11%
11.04.2018,430.14,415.43,433.25,412.35,827.17K,3.54%
12.04.2018,494.03,430.13,498.13,414.07,1.86M,14.85%
13.04.2018,493.48,494.25,528.71,482.19,1.67M,-0.11%
14.04.2018,502.52,494.36,514.14,486.89,924.64K,1.83%
15.04.2018,533.9,502.52,534.18,502.52,988.29K,6.24%
16.04.2018,511.82,533.89,537.32,498.87,1.03M,-4.14%
17.04.2018,503.19,511.75,520.86,501.73,826.71K,-1.69%
18.04.2018,525.66,503.24,526.41,502.02,759.15K,4.47%
19.04.2018,567.49,525.74,570.15,522.15,1.04M,7.96%
20.04.2018,617.04,567.7,620.58,558.27,1.42M,8.73%
21.04.2018,605.59,617.1,623.86,574.73,1.23M,-1.86%
22.04.2018,622.23,605.58,643.58,591.78,1.02M,2.75%
23.04.2018,644.13,622.01,648.58,619.81,859.64K,3.52%
24.04.2018,703.02,644.08,711.74,644.05,1.48M,9.14%
25.04.2018,617.36,702.94,703.25,594.98,2.72M,-12.18%
26.04.2018,662.36,617.37,665.2,600.69,1.37M,7.29%
27.04.2018,643.97,661.65,685.54,641.84,1.06M,-2.78%
28.04.2018,683.49,643.96,693.79,640.92,871.55K,6.14%
29.04.2018,689.9,683.49,700.05,669.15,856.12K,0.94%
30.04.2018,670.07,689.83,693.85,664.03,913.86K,-2.87%
01.05.2018,671.26,670.12,674.36,630.33,1.03M,0.18%
02.05.2018,688.15,671.31,690.97,664.29,873.98K,2.52%
03.05.2018,778.95,688.23,788.61,686.79,1.55M,13.19%
04.05.2018,785.2,778.97,806.9,760.1,1.24M,0.80%
05.05.2018,818.33,785.29,830.03,782.18,1.00M,4.22%
06.05.2018,793.19,818.75,838.26,755.09,1.16M,-3.07%
07.05.2018,754.03,793.29,797.3,700.4,2.12M,-4.94%
08.05.2018,748.48,759.35,761.43,721.49,1.14M,-0.74%
09.05.2018,751.62,747.98,759.71,711.49,1.07M,0.42%
10.05.2018,724.4,751.98,768.24,723.39,983.14K,-3.62%
11.05.2018,676.21,724.36,736.58,665.81,1.63M,-6.65%
12.05.2018,683.94,676.97,689.83,635.23,1.34M,1.14%
13.05.2018,729.37,684.77,739.67,669.2,1.01M,6.64%
14.05.2018,727.06,729.41,741.52,687.16,1.39M,-0.32%
15.05.2018,705.73,727.06,738.71,696.63,1.03M,-2.93%
16.05.2018,706.53,705.73,710.49,667.51,978.18K,0.11%
17.05.2018,668.97,706.53,718.5,663.91,953.69K,-5.32%
18.05.2018,693.28,668.98,694.24,658.25,906.93K,3.63%
19.05.2018,696.76,693.28,716.51,683.38,732.31K,0.50%
20.05.2018,716.02,696.73,722.92,688.7,702.63K,2.77%
21.05.2018,696.85,716.02,718.06,694.07,590.69K,-2.68%
22.05.2018,642.17,696.84,698.48,639.2,928.09K,-7.85%
23.05.2018,577.55,642.02,649.85,564.74,1.78M,-10.06%
24.05.2018,602.43,577.52,609.39,547.39,1.56M,4.31%
25.05.2018,585.39,602.4,616.48,569.77,1.08M,-2.83%
26.05.2018,586.76,585.39,606.26,579.36,651.25K,0.24%
27.05.2018,570.69,586.63,591.48,558.44,892.94K,-2.74%
28.05.2018,512.29,570.67,575.0,507.72,1.50M,-10.23%
29.05.2018,566.81,512.32,572.71,511.94,1.38M,10.64%
30.05.2018,557.98,566.86,584.9,543.16,1.06M,-1.56%
31.05.2018,577.87,557.96,586.15,554.96,922.24K,3.56%
01.06.2018,579.3,577.87,589.55,565.69,861.91K,0.25%
02.06.2018,591.3,579.34,598.78,574.8,808.42K,2.07%
03.06.2018,619.08,591.33,627.51,590.81,764.93K,4.70%
04.06.2018,591.44,619.09,624.81,580.71,809.80K,-4.46%
05.06.2018,608.83,591.44,613.0,577.53,829.99K,2.94%
06.06.2018,606.39,608.83,611.63,593.98,700.74K,-0.40%
07.06.2018,604.71,606.39,616.52,600.29,843.32K,-0.28%
08.06.2018,599.67,604.71,608.32,593.74,622.54K,-0.83%
09.06.2018,593.8,599.67,608.65,592.54,534.16K,-0.98%
10.06.2018,524.64,593.8,593.82,503.43,1.49M,-11.65%
11.06.2018,531.42,524.64,535.63,510.29,1.21M,1.29%
12.06.2018,494.48,531.4,538.16,484.99,1.24M,-6.95%
13.06.2018,476.17,494.6,501.64,450.67,1.56M,-3.70%
14.06.2018,519.49,476.17,525.21,461.62,1.70M,9.10%
15.06.2018,487.88,519.49,520.73,483.99,1.25M,-6.09%
16.06.2018,496.93,487.88,502.47,484.89,749.09K,1.86%
17.06.2018,496.43,496.95,507.19,494.73,604.79K,-0.10%
18.06.2018,517.91,496.47,523.95,489.16,842.05K,4.33%
19.06.2018,538.22,517.91,547.5,514.88,985.96K,3.92%
20.06.2018,536.31,538.22,541.08,517.42,873.14K,-0.36%
21.06.2018,526.01,536.31,544.71,522.47,774.03K,-1.92%
22.06.2018,462.57,525.97,526.26,450.72,1.74M,-12.06%
23.06.2018,474.14,462.58,482.42,456.46,1.22M,2.50%
24.06.2018,454.81,474.14,475.74,419.56,2.64M,-4.08%
25.06.2018,458.76,454.81,472.54,437.08,4.41M,0.87%
26.06.2018,430.33,458.76,459.96,429.87,5.31M,-6.20%
27.06.2018,442.16,430.32,445.38,423.01,2.02M,2.75%
28.06.2018,421.27,442.16,443.32,418.62,1.66M,-4.73%
29.06.2018,435.37,421.23,441.29,406.12,1.78M,3.35%
30.06.2018,452.67,434.92,457.49,433.46,1.82M,3.97%
01.07.2018,452.57,452.72,456.02,445.06,1.67M,-0.02%
02.07.2018,475.7,452.57,479.94,442.29,1.91M,5.11%
03.07.2018,461.89,475.73,483.93,460.63,1.72M,-2.90%
04.07.2018,467.52,461.9,480.69,453.94,1.28M,1.22%
05.07.2018,468.47,467.58,478.59,459.68,1.74M,0.20%
06.07.2018,469.9,468.47,474.58,455.05,1.75M,0.30%
07.07.2018,485.4,469.91,486.18,464.29,1.62M,3.30%
08.07.2018,486.45,485.4,494.03,482.24,2.16M,0.22%
09.07.2018,471.52,486.41,488.1,469.93,1.20M,-3.07%
10.07.2018,432.67,471.77,473.36,429.39,1.62M,-8.24%
11.07.2018,445.99,432.67,447.62,425.6,1.05M,3.08%
12.07.2018,430.84,445.96,446.27,418.71,1.55M,-3.40%
13.07.2018,432.85,430.86,442.02,425.77,1.24M,0.47%
14.07.2018,434.09,432.88,439.94,429.89,932.65K,0.29%
15.07.2018,450.81,434.09,455.68,432.59,916.02K,3.85%
16.07.2018,479.79,450.87,480.84,446.14,1.42M,6.43%
17.07.2018,499.87,479.68,511.54,467.33,1.70M,4.18%
18.07.2018,480.0,499.86,515.2,470.91,1.52M,-3.97%
19.07.2018,469.47,480.0,484.0,463.94,1.21M,-2.19%
20.07.2018,449.38,469.48,469.74,441.74,1.52M,-4.28%
21.07.2018,461.52,449.44,468.95,443.04,972.66K,2.70%
22.07.2018,459.02,461.51,472.88,456.35,918.81K,-0.54%
23.07.2018,450.56,459.02,470.37,448.14,1.32M,-1.84%
24.07.2018,479.88,450.58,484.3,449.44,1.59M,6.51%
25.07.2018,472.03,479.78,484.97,464.75,1.38M,-1.64%
26.07.2018,462.75,472.03,484.59,460.61,1.11M,-1.97%
27.07.2018,470.23,462.79,473.58,457.36,1.17M,1.62%
28.07.2018,468.78,470.24,471.47,461.55,1.07M,-0.31%
29.07.2018,466.41,468.89,471.78,462.04,1.04M,-0.51%
30.07.2018,456.64,466.41,468.6,447.06,1.38M,-2.09%
31.07.2018,431.5,456.65,457.33,427.81,1.52M,-5.51%
01.08.2018,420.3,431.88,434.43,407.96,1.64M,-2.60%
02.08.2018,411.0,420.33,424.51,408.21,1.32M,-2.21%
03.08.2018,417.58,411.0,419.74,398.1,1.43M,1.60%
04.08.2018,407.09,417.58,419.7,402.52,1.14M,-2.51%
05.08.2018,408.85,407.11,412.51,401.22,1.02M,0.43%
06.08.2018,405.4,408.81,413.4,401.66,1.02M,-0.84%
07.08.2018,378.25,405.38,410.57,370.06,1.63M,-6.70%
08.08.2018,355.44,378.29,380.15,348.98,2.05M,-6.03%
09.08.2018,363.34,355.48,369.74,351.07,1.42M,2.22%
10.08.2018,331.81,363.33,365.36,326.67,1.74M,-8.68%
11.08.2018,317.59,331.78,332.52,305.19,2.16M,-4.29%
12.08.2018,318.18,317.63,327.51,314.71,1.52M,0.19%
13.08.2018,284.01,318.2,321.22,281.17,2.33M,-10.74%
14.08.2018,278.19,284.0,284.0,250.84,5.96M,-2.05%
15.08.2018,281.12,278.3,303.85,277.91,5.17M,1.06%
16.08.2018,286.76,281.12,298.19,278.6,4.08M,2.01%
17.08.2018,316.9,286.76,316.9,285.78,4.75M,10.51%
18.08.2018,293.89,316.91,320.81,282.76,4.31M,-7.26%
19.08.2018,299.33,293.9,306.3,289.5,3.54M,1.85%
20.08.2018,271.08,299.33,303.74,270.17,3.88M,-9.44%
21.08.2018,280.9,271.9,282.77,270.26,2.97M,3.62%
22.08.2018,269.84,280.9,298.2,266.4,5.03M,-3.94%
23.08.2018,276.12,269.84,279.19,268.94,3.94M,2.33%
24.08.2018,281.29,276.12,282.71,270.91,4.90M,1.87%
25.08.2018,277.61,281.29,282.74,276.53,4.05M,-1.31%
26.08.2018,274.46,277.61,281.34,269.75,4.14M,-1.14%
27.08.2018,286.57,274.46,286.57,271.9,4.89M,4.41%
28.08.2018,295.62,286.57,297.86,282.57,4.71M,3.16%
29.08.2018,288.42,295.61,297.11,284.45,4.84M,-2.44%
30.08.2018,283.97,288.41,290.91,272.85,4.99M,-1.54%
31.08.2018,281.94,283.97,284.85,277.13,4.66M,-0.72%
01.09.2018,295.31,281.94,301.92,281.76,4.53M,4.74%
02.09.2018,295.05,295.32,299.38,289.45,5.85M,-0.09%
03.09.2018,288.92,295.05,296.76,285.95,5.35M,-2.08%
04.09.2018,285.17,288.98,292.6,283.4,5.02M,-1.29%
05.09.2018,228.77,285.17,288.01,227.76,6.21M,-19.78%
06.09.2018,229.6,228.76,232.66,212.9,5.81M,0.37%
07.09.2018,215.6,229.58,234.49,214.84,4.51M,-6.10%
08.09.2018,196.79,215.51,220.85,191.16,4.47M,-8.72%
09.09.2018,195.8,196.69,208.23,187.26,5.47M,-0.50%
10.09.2018,197.04,195.81,203.64,187.35,4.38M,0.63%
11.09.2018,185.07,197.05,200.42,177.29,5.15M,-6.08%
12.09.2018,182.98,185.07,186.57,169.08,5.83M,-1.13%
13.09.2018,211.0,183.11,214.57,183.11,7.46M,15.31%
14.09.2018,209.98,210.98,224.6,203.16,7.71M,-0.48%
15.09.2018,221.94,209.88,259.37,209.06,5.53M,5.70%
16.09.2018,220.2,221.94,223.14,208.61,4.64M,-0.79%
17.09.2018,196.24,220.2,224.48,192.87,7.49M,-10.88%
18.09.2018,209.03,196.17,213.93,195.24,5.32M,6.52%
19.09.2018,209.74,209.02,214.91,199.19,5.68M,0.34%
20.09.2018,224.42,209.74,225.48,207.78,4.47M,7.00%
21.09.2018,247.92,224.43,250.74,222.05,6.76M,10.47%
22.09.2018,240.82,247.92,254.36,233.46,5.16M,-2.86%
23.09.2018,244.67,240.82,249.02,238.14,4.03M,1.60%
24.09.2018,228.01,244.67,246.87,225.73,4.54M,-6.81%
25.09.2018,219.04,228.02,228.59,204.84,5.78M,-3.93%
26.09.2018,214.35,219.14,222.41,208.91,6.37M,-2.14%
27.09.2018,229.15,214.46,232.6,211.31,7.37M,6.91%
28.09.2018,221.77,229.18,234.14,215.39,7.34M,-3.22%
29.09.2018,231.87,221.95,237.45,215.15,8.90M,4.55%
30.09.2018,232.8,231.9,238.64,227.01,8.74M,0.40%
01.10.2018,231.77,232.8,235.95,225.33,8.31M,-0.44%
02.10.2018,225.84,231.77,232.97,223.75,8.17M,-2.56%
03.10.2018,220.51,225.84,227.15,216.44,8.47M,-2.36%
04.10.2018,222.57,220.48,227.14,219.75,7.83M,0.93%
05.10.2018,228.34,222.33,231.88,220.0,7.63M,2.59%
06.10.2018,225.18,228.34,228.69,223.01,8.20M,-1.38%
07.10.2018,226.11,225.19,227.44,222.0,1.47M,0.41%
08.10.2018,229.84,226.11,231.66,224.79,1.30M,1.65%
09.10.2018,228.25,229.83,232.66,226.81,945.43K,-0.69%
10.10.2018,226.3,228.28,231.32,224.74,1.07M,-0.85%
11.10.2018,190.89,226.33,226.36,188.65,3.50M,-15.65%
12.10.2018,196.7,190.89,202.9,190.89,1.69M,3.04%
13.10.2018,201.22,196.67,206.13,196.41,976.30K,2.30%
14.10.2018,197.08,201.22,207.53,195.51,12.89M,-2.06%
15.10.2018,214.26,197.09,235.83,195.4,41.35M,8.72%
16.10.2018,215.06,214.27,218.71,211.37,20.24M,0.37%
17.10.2018,213.46,215.06,216.6,210.1,16.84M,-0.74%
18.10.2018,206.58,213.16,215.23,203.95,16.21M,-3.22%
19.10.2018,204.97,206.6,208.74,204.02,26.32M,-0.78%
20.10.2018,208.04,205.12,209.37,203.65,12.48M,1.50%
21.10.2018,207.37,207.76,211.65,207.04,14.65M,-0.32%
22.10.2018,206.77,207.38,209.39,205.5,27.13M,-0.29%
23.10.2018,205.68,207.03,207.95,202.99,19.71M,-0.53%
24.10.2018,205.12,205.68,207.86,205.0,18.18M,-0.27%
25.10.2018,204.11,205.12,206.12,202.99,15.68M,-0.49%
26.10.2018,204.58,204.08,208.94,203.19,13.99M,0.23%
27.10.2018,204.36,204.78,206.22,203.06,9.76M,-0.11%
28.10.2018,204.99,204.36,205.52,203.05,9.11M,0.31%
29.10.2018,197.05,204.84,205.79,195.03,17.76M,-3.87%
30.10.2018,197.39,196.83,198.96,195.28,22.41M,0.17%
31.10.2018,198.59,197.27,201.89,193.0,19.69M,0.61%
01.11.2018,198.17,198.59,199.79,197.84,12.55M,-0.21%
02.11.2018,202.66,198.17,203.75,198.13,7.26M,2.27%
03.11.2018,200.23,202.67,203.16,199.63,8.62M,-1.20%
04.11.2018,211.86,200.27,218.35,199.38,54.20M,5.81%
05.11.2018,210.67,211.86,212.42,207.82,77.47M,-0.56%
06.11.2018,220.22,210.67,221.32,209.15,33.87M,4.54%
07.11.2018,218.8,220.22,224.64,217.16,15.96M,-0.65%
08.11.2018,212.87,218.8,220.53,212.79,23.56M,-2.71%
09.11.2018,211.39,212.87,215.26,209.23,3.47M,-0.70%
10.11.2018,213.21,211.39,215.47,210.61,10.44M,0.86%
11.11.2018,213.18,213.19,214.22,209.51,48.66M,-0.01%
12.11.2018,212.79,213.1,214.95,211.54,17.81M,-0.18%
13.11.2018,210.44,212.79,213.88,209.4,27.77M,-1.10%
14.11.2018,187.46,210.44,210.59,177.34,45.72M,-10.92%
15.11.2018,184.1,187.51,189.79,171.99,69.51M,-1.79%
16.11.2018,177.01,184.1,184.88,175.29,43.39M,-3.85%
17.11.2018,176.53,176.99,177.93,174.94,44.19M,-0.27%
18.11.2018,178.65,176.53,182.07,176.06,1.59M,1.20%
19.11.2018,150.12,178.76,178.93,146.86,5.23M,-15.97%
20.11.2018,132.92,150.27,153.55,127.3,7.69M,-11.46%
21.11.2018,137.72,132.9,140.86,126.84,5.12M,3.61%
22.11.2018,126.12,137.75,139.74,125.93,2.92M,-8.42%
23.11.2018,124.64,126.17,128.08,119.76,4.47M,-1.17%
24.11.2018,114.43,124.63,129.34,111.79,3.81M,-8.19%
25.11.2018,118.04,114.42,121.1,102.8,6.74M,3.15%
26.11.2018,110.08,118.03,120.56,106.44,5.09M,-6.75%
27.11.2018,111.18,110.08,113.67,102.84,5.42M,1.00%
28.11.2018,122.74,111.19,126.6,111.19,5.41M,10.40%
29.11.2018,117.85,122.75,123.77,114.81,4.00M,-3.99%
30.11.2018,113.77,117.86,119.8,111.73,4.27M,-3.46%
01.12.2018,118.23,113.76,120.45,111.62,2.87M,3.91%
02.12.2018,116.41,118.23,120.71,116.08,2.10M,-1.54%
03.12.2018,108.66,116.4,127.08,106.79,2.66M,-6.65%
04.12.2018,110.09,108.66,113.16,106.13,2.48M,1.31%
05.12.2018,102.33,110.14,110.7,102.24,3.04M,-7.04%
06.12.2018,90.86,102.36,104.42,90.57,5.06M,-11.21%
07.12.2018,93.27,90.85,96.99,77.65,7.73M,2.65%
08.12.2018,90.57,93.28,97.98,84.75,5.68M,-2.90%
09.12.2018,93.62,90.56,98.76,88.82,4.88M,3.37%
10.12.2018,90.17,93.62,95.3,88.68,4.15M,-3.68%
11.12.2018,88.32,90.18,91.94,86.25,4.38M,-2.05%
12.12.2018,89.62,87.72,91.33,87.19,3.46M,1.46%
13.12.2018,86.31,89.62,90.72,84.83,3.94M,-3.69%
14.12.2018,83.81,86.31,87.0,82.28,3.84M,-2.90%
15.12.2018,83.9,83.81,85.07,81.97,3.04M,0.11%
16.12.2018,84.72,83.9,87.62,83.89,3.61M,0.97%
17.12.2018,94.37,84.72,96.99,84.61,5.37M,11.40%
18.12.2018,100.66,94.37,101.33,91.96,4.66M,6.66%
19.12.2018,99.37,100.68,107.89,98.57,5.58M,-1.28%
20.12.2018,114.61,99.36,116.35,98.63,6.34M,15.35%
21.12.2018,108.18,114.6,118.67,105.59,5.18M,-5.61%
22.12.2018,115.84,108.18,115.87,105.97,3.30M,7.07%
23.12.2018,129.6,115.85,132.46,115.79,6.66M,11.88%
24.12.2018,139.23,129.6,158.27,129.48,9.39M,7.43%
25.12.2018,128.39,139.06,139.74,122.14,7.04M,-7.79%
26.12.2018,130.06,128.39,136.13,123.39,5.11M,1.30%
27.12.2018,114.56,130.06,131.51,112.59,4.83M,-11.92%
28.12.2018,136.61,114.57,137.22,113.14,5.94M,19.25%
29.12.2018,133.67,136.59,146.02,130.71,5.92M,-2.15%
30.12.2018,138.45,133.64,139.76,129.51,4.35M,3.57%
31.12.2018,131.9,138.45,138.72,129.61,3.23M,-4.73%
01.01.2019,139.61,131.9,140.51,130.67,3.05M,5.84%
02.01.2019,152.95,139.58,155.93,138.74,5.51M,9.56%
03.01.2019,146.94,152.96,154.3,144.39,4.02M,-3.93%
04.01.2019,152.86,146.94,155.4,145.29,4.92M,4.03%
05.01.2019,153.49,152.87,159.78,152.84,4.85M,0.41%
06.01.2019,154.96,153.48,158.29,148.63,4.23M,0.96%
07.01.2019,149.96,154.96,156.36,148.47,2.88M,-3.23%
08.01.2019,148.41,149.96,152.21,146.29,3.04M,-1.03%
09.01.2019,148.79,148.41,152.57,147.95,2.34M,0.26%
10.01.2019,125.63,148.78,150.09,121.98,6.48M,-15.56%
11.01.2019,125.15,125.61,127.83,121.28,3.77M,-0.39%
12.01.2019,123.75,125.15,126.15,122.73,2.21M,-1.11%
13.01.2019,114.64,123.75,124.09,112.79,2.98M,-7.36%
14.01.2019,127.53,114.65,130.3,114.62,3.86M,11.24%
15.01.2019,119.62,127.55,129.6,116.9,4.31M,-6.20%
16.01.2019,121.72,119.59,126.5,119.1,3.83M,1.75%
17.01.2019,122.03,121.71,123.03,117.51,3.61M,0.25%
18.01.2019,119.34,122.02,122.19,118.27,2.59M,-2.20%
19.01.2019,123.02,119.34,125.37,119.34,3.36M,3.09%
20.01.2019,117.52,123.0,123.52,116.25,3.93M,-4.47%
21.01.2019,116.05,117.52,118.04,114.15,4.80M,-1.25%
22.01.2019,118.23,116.05,119.47,112.36,5.11M,1.88%
23.01.2019,116.84,118.23,119.01,115.52,4.35M,-1.18%
24.01.2019,116.71,116.84,117.32,114.93,4.38M,-0.11%
25.01.2019,115.5,116.7,117.41,115.03,4.75M,-1.03%
26.01.2019,115.83,115.5,117.63,115.37,3.48M,0.29%
27.01.2019,112.5,115.83,116.24,112.03,4.65M,-2.88%
28.01.2019,105.82,112.5,113.14,101.6,7.45M,-5.94%
29.01.2019,104.79,105.82,107.32,102.89,5.41M,-0.98%
30.01.2019,108.52,104.76,109.67,103.82,5.95M,3.55%
31.01.2019,106.71,108.51,110.56,105.86,5.11M,-1.66%
01.02.2019,106.98,106.74,108.54,104.41,4.98M,0.26%
02.02.2019,110.68,106.99,111.16,106.29,4.23M,3.46%
03.02.2019,107.62,110.67,111.25,106.36,5.01M,-2.77%
04.02.2019,107.9,107.63,109.24,106.95,5.02M,0.27%
05.02.2019,107.37,107.91,108.32,106.6,4.67M,-0.50%
06.02.2019,104.63,107.37,107.67,102.28,6.15M,-2.55%
07.02.2019,104.55,104.63,106.12,104.29,5.05M,-0.08%
08.02.2019,119.23,104.55,122.58,103.89,9.19M,14.05%
09.02.2019,119.44,119.27,121.09,117.96,5.21M,0.17%
10.02.2019,124.92,119.44,125.46,116.42,6.32M,4.59%
11.02.2019,121.3,124.94,125.05,119.55,6.13M,-2.89%
12.02.2019,122.64,121.32,123.99,119.28,5.74M,1.10%
13.02.2019,122.22,122.66,126.17,121.06,6.17M,-0.35%
14.02.2019,120.97,122.21,124.46,120.44,5.81M,-1.02%
15.02.2019,121.73,120.97,124.0,120.87,5.69M,0.63%
16.02.2019,122.87,121.72,124.5,121.71,5.33M,0.94%
17.02.2019,133.79,122.88,135.27,122.78,8.67M,8.89%
18.02.2019,145.8,133.79,147.64,125.07,11.93M,8.98%
19.02.2019,144.01,145.79,149.84,143.8,9.90M,-1.22%
20.02.2019,149.11,144.02,149.46,140.88,8.61M,3.54%
21.02.2019,145.78,149.01,149.55,143.5,7.21M,-2.23%
22.02.2019,147.97,145.79,148.83,144.27,6.79M,1.50%
23.02.2019,158.3,147.97,159.31,146.28,8.31M,6.99%
24.02.2019,132.93,158.31,165.79,132.87,14.30M,-16.03%
25.02.2019,138.27,132.94,141.57,132.85,10.55M,4.02%
26.02.2019,136.67,138.26,138.66,134.48,11.75M,-1.15%
27.02.2019,135.2,136.66,159.6,128.15,16.11M,-1.08%
28.02.2019,135.47,135.2,138.56,133.09,16.08M,0.20%
01.03.2019,135.72,135.47,138.06,128.46,9.73M,0.18%
02.03.2019,132.76,135.72,136.36,130.74,11.29M,-2.18%
03.03.2019,131.01,132.77,168.42,129.05,10.64M,-1.32%
04.03.2019,125.97,131.02,131.57,123.25,14.11M,-3.85%
05.03.2019,136.82,125.97,141.11,125.44,16.74M,8.61%
06.03.2019,137.62,136.82,149.49,133.94,14.70M,0.58%
07.03.2019,136.93,137.62,139.98,135.72,13.29M,-0.50%
08.03.2019,133.85,136.93,139.45,131.66,12.38M,-2.25%
09.03.2019,137.52,133.84,138.57,133.38,10.79M,2.74%
10.03.2019,135.72,137.52,137.75,134.53,9.21M,-1.31%
11.03.2019,132.99,135.72,136.23,131.66,11.17M,-2.01%
12.03.2019,133.8,132.99,134.93,129.14,13.03M,0.61%
13.03.2019,131.97,133.81,133.84,131.2,9.59M,-1.37%
14.03.2019,132.45,131.97,134.82,130.48,9.79M,0.36%
15.03.2019,136.75,132.44,137.68,132.44,12.55M,3.25%
16.03.2019,141.15,136.77,143.95,136.75,16.89M,3.21%
17.03.2019,138.91,141.15,141.17,137.61,9.79M,-1.59%
18.03.2019,137.92,138.91,141.87,136.86,12.87M,-0.71%
19.03.2019,138.72,137.92,139.5,137.1,10.84M,0.58%
20.03.2019,139.31,138.72,139.75,136.56,10.46M,0.42%
21.03.2019,135.11,139.32,139.74,133.05,12.95M,-3.02%
22.03.2019,136.42,135.11,137.44,134.65,10.18M,0.97%
23.03.2019,137.53,136.42,138.3,135.76,9.16M,0.81%
24.03.2019,136.44,137.53,137.53,135.5,9.66M,-0.79%
25.03.2019,134.25,136.44,137.05,132.36,11.49M,-1.60%
26.03.2019,134.37,134.25,134.99,132.61,9.47M,0.08%
27.03.2019,139.65,134.37,140.08,133.89,15.47M,3.93%
28.03.2019,138.15,139.63,140.33,137.68,9.52M,-1.08%
29.03.2019,143.38,138.17,143.53,138.13,12.09M,3.79%
30.03.2019,142.65,143.38,145.85,140.43,12.81M,-0.51%
31.03.2019,141.79,142.65,142.69,140.71,9.33M,-0.60%
01.04.2019,141.5,141.77,143.28,140.26,11.85M,-0.20%
02.04.2019,163.47,141.5,165.42,141.29,36.03M,15.53%
03.04.2019,160.34,163.47,177.29,152.24,47.66M,-1.92%
04.04.2019,157.43,160.34,164.33,153.26,13.55M,-1.81%
05.04.2019,164.93,157.43,167.34,156.42,10.06M,4.77%
06.04.2019,165.55,164.93,172.53,160.22,10.37M,0.37%
07.04.2019,174.33,165.58,175.37,164.17,9.88M,5.30%
08.04.2019,179.16,174.32,185.54,171.87,14.83M,2.77%
09.04.2019,175.09,179.16,179.24,172.15,10.82M,-2.27%
10.04.2019,177.37,175.09,183.49,171.61,12.10M,1.30%
11.04.2019,164.36,177.39,177.63,159.6,11.11M,-7.33%
12.04.2019,163.47,164.37,166.08,158.93,7.12M,-0.54%
13.04.2019,163.19,163.46,165.27,161.34,5.52M,-0.17%
14.04.2019,167.29,163.19,168.18,161.52,5.89M,2.51%
15.04.2019,160.17,167.3,168.63,153.65,7.71M,-4.25%
16.04.2019,165.65,160.16,166.64,159.52,7.66M,3.42%
17.04.2019,165.9,165.61,167.21,164.26,7.56M,0.16%
18.04.2019,173.33,165.91,175.02,165.38,10.16M,4.48%
19.04.2019,172.79,173.34,173.41,169.15,9.26M,-0.31%
20.04.2019,172.73,172.79,176.71,170.17,8.19M,-0.04%
21.04.2019,168.52,172.89,173.42,164.81,8.78M,-2.43%
22.04.2019,170.87,168.5,172.32,167.07,8.62M,1.39%
23.04.2019,169.95,170.87,175.92,169.01,10.17M,-0.54%
24.04.2019,165.22,169.94,170.53,154.87,11.61M,-2.78%
25.04.2019,155.18,165.23,165.81,151.73,10.78M,-6.07%
26.04.2019,157.97,155.16,161.82,152.32,11.52M,1.80%
27.04.2019,159.41,157.96,161.95,156.74,8.51M,0.91%
28.04.2019,158.27,159.43,160.28,157.54,8.28M,-0.71%
29.04.2019,154.93,158.3,159.16,152.6,10.69M,-2.11%
30.04.2019,161.8,154.94,162.56,154.94,9.57M,4.44%
01.05.2019,160.38,161.84,163.7,158.85,7.74M,-0.88%
02.05.2019,161.66,160.35,162.88,159.22,8.13M,0.80%
03.05.2019,167.86,161.66,169.8,160.86,10.23M,3.83%
04.05.2019,163.68,167.87,171.04,160.36,10.23M,-2.49%
05.05.2019,163.03,163.67,165.25,159.56,8.54M,-0.39%
06.05.2019,173.0,163.03,176.98,159.66,12.97M,6.11%
07.05.2019,169.34,172.99,181.39,169.06,15.23M,-2.11%
08.05.2019,170.77,169.34,172.68,165.7,9.75M,0.84%
09.05.2019,170.84,170.76,173.28,167.03,10.03M,0.04%
10.05.2019,172.77,170.85,175.78,168.86,12.73M,1.13%
11.05.2019,192.27,172.78,204.72,172.75,20.90M,11.28%
12.05.2019,188.07,192.17,202.93,182.81,18.52M,-2.18%
13.05.2019,196.02,188.09,206.1,185.69,14.80M,4.22%
14.05.2019,217.42,196.0,220.02,195.22,16.80M,10.92%
15.05.2019,248.15,217.34,249.78,217.32,18.66M,14.13%
16.05.2019,264.69,248.14,278.52,244.27,25.14M,6.66%
17.05.2019,244.45,264.68,267.8,224.62,22.54M,-7.65%
18.05.2019,233.89,244.38,247.84,232.13,13.93M,-4.32%
19.05.2019,259.63,233.87,263.05,232.85,14.38M,11.01%
20.05.2019,250.72,259.68,259.68,238.64,12.38M,-3.43%
21.05.2019,253.76,250.72,261.59,246.85,10.24M,1.21%
22.05.2019,244.34,253.7,259.7,241.68,10.83M,-3.71%
23.05.2019,244.68,244.35,247.3,231.89,13.07M,0.14%
24.05.2019,249.17,244.68,254.22,241.74,10.07M,1.83%
25.05.2019,250.68,249.2,256.9,247.9,8.58M,0.61%
26.05.2019,264.68,250.69,268.75,245.92,10.06M,5.59%
27.05.2019,270.98,264.66,279.07,262.96,11.58M,2.38%
28.05.2019,271.18,270.97,275.39,265.5,9.35M,0.08%
29.05.2019,268.61,271.16,273.72,260.85,22.33M,-0.95%
30.05.2019,254.52,268.62,287.99,241.51,15.52M,-5.24%
31.05.2019,267.99,254.57,268.7,246.61,11.63M,5.29%
01.06.2019,264.31,267.94,274.94,261.14,9.06M,-1.37%
02.06.2019,269.01,264.26,272.64,263.59,7.31M,1.78%
03.06.2019,250.37,269.03,269.77,248.77,9.23M,-6.93%
04.06.2019,241.26,250.26,251.47,235.35,11.39M,-3.64%
05.06.2019,245.83,241.27,248.24,237.94,8.64M,1.89%
06.06.2019,248.54,245.81,250.0,236.4,7.72M,1.10%
07.06.2019,248.98,248.63,253.12,244.33,7.41M,0.18%
08.06.2019,243.42,248.98,250.51,241.09,6.23M,-2.23%
09.06.2019,231.27,243.43,244.36,227.0,7.80M,-4.99%
10.06.2019,246.86,231.21,246.99,227.38,8.39M,6.74%
11.06.2019,244.41,246.85,247.77,237.6,6.92M,-0.99%
12.06.2019,261.54,244.38,261.67,242.57,7.89M,7.01%
13.06.2019,254.86,261.38,262.47,254.02,7.30M,-2.55%
14.06.2019,262.53,254.89,268.81,252.01,6.87M,3.01%
15.06.2019,267.75,262.53,271.61,260.92,6.52M,1.99%
16.06.2019,267.98,267.74,282.75,263.96,8.66M,0.09%
17.06.2019,273.0,268.0,274.14,266.96,7.41M,1.87%
18.06.2019,264.59,273.02,273.26,261.76,7.39M,-3.08%
19.06.2019,268.26,264.59,269.79,263.61,6.23M,1.39%
20.06.2019,271.43,268.26,273.18,264.83,7.04M,1.18%
21.06.2019,294.72,271.45,295.72,271.45,11.06M,8.58%
22.06.2019,310.38,294.69,314.0,292.09,10.69M,5.31%
23.06.2019,308.53,310.39,320.79,306.12,8.49M,-0.59%
24.06.2019,311.46,308.51,313.67,297.9,7.10M,0.95%
25.06.2019,317.65,311.47,318.49,307.75,8.51M,1.99%
26.06.2019,338.54,317.65,364.89,315.99,15.73M,6.58%
27.06.2019,297.55,338.54,345.83,279.82,16.13M,-12.11%
28.06.2019,310.56,297.73,312.7,295.3,9.93M,4.37%
29.06.2019,318.48,310.52,324.13,295.44,9.03M,2.55%
30.06.2019,292.21,318.26,323.21,290.78,9.82M,-8.25%
01.07.2019,294.83,292.23,303.0,280.35,9.57M,0.90%
02.07.2019,291.41,294.87,297.0,273.07,10.30M,-1.16%
03.07.2019,300.58,291.48,301.64,289.39,7.90M,3.14%
04.07.2019,283.43,300.51,301.56,281.18,7.26M,-5.70%
05.07.2019,287.15,283.36,293.61,281.92,7.80M,1.31%
06.07.2019,288.08,287.16,296.06,285.61,7.56M,0.32%
07.07.2019,304.88,288.11,309.42,285.28,8.43M,5.83%
08.07.2019,312.23,304.87,313.15,301.6,8.50M,2.41%
09.07.2019,307.41,312.23,317.94,303.38,9.13M,-1.54%
10.07.2019,289.1,307.44,313.81,281.53,12.44M,-5.96%
11.07.2019,268.72,289.13,289.14,263.08,11.36M,-7.05%
12.07.2019,274.68,268.72,278.33,266.81,7.95M,2.22%
13.07.2019,269.16,274.68,275.04,262.85,7.84M,-2.01%
14.07.2019,226.62,269.12,269.62,223.95,11.86M,-15.80%
15.07.2019,228.49,226.56,235.43,204.39,14.59M,0.82%
16.07.2019,198.87,228.49,234.41,193.48,14.52M,-12.96%
17.07.2019,210.95,198.88,219.13,192.91,13.51M,6.07%
18.07.2019,225.23,210.95,228.42,206.47,12.65M,6.77%
19.07.2019,220.09,225.23,225.68,213.57,9.38M,-2.28%
20.07.2019,227.86,220.11,233.7,219.8,9.12M,3.53%
21.07.2019,225.01,227.83,228.76,217.72,8.50M,-1.25%
22.07.2019,217.27,225.03,227.47,212.46,8.60M,-3.44%
23.07.2019,211.87,217.27,218.03,208.31,8.70M,-2.49%
24.07.2019,215.44,211.86,217.02,202.3,9.72M,1.69%
25.07.2019,217.65,215.45,224.05,214.79,8.42M,1.02%
26.07.2019,217.83,217.65,218.65,212.07,6.96M,0.09%
27.07.2019,206.62,217.8,222.7,203.5,8.55M,-5.15%
28.07.2019,210.37,206.64,212.01,199.68,7.54M,1.81%
29.07.2019,209.82,210.39,214.45,207.37,7.20M,-0.26%
30.07.2019,208.49,209.81,212.88,204.54,7.15M,-0.63%
31.07.2019,217.23,208.49,218.19,208.17,7.51M,4.19%
01.08.2019,216.37,217.23,217.55,211.23,7.09M,-0.40%
02.08.2019,216.54,216.37,220.84,213.93,7.56M,0.08%
03.08.2019,220.89,216.52,223.0,215.52,6.99M,2.01%
04.08.2019,220.72,220.89,222.21,216.31,6.51M,-0.08%
05.08.2019,232.45,220.76,235.0,220.75,9.79M,5.31%
06.08.2019,225.63,232.45,237.47,222.46,9.35M,-2.93%
07.08.2019,224.66,225.62,229.22,220.62,7.90M,-0.43%
08.08.2019,220.16,224.68,226.11,215.57,7.54M,-2.00%
09.08.2019,209.49,220.12,220.49,206.4,9.66M,-4.84%
10.08.2019,205.93,209.46,213.53,202.35,8.70M,-1.70%
11.08.2019,215.83,205.92,216.23,205.64,7.63M,4.81%
12.08.2019,210.45,215.84,215.97,209.49,7.94M,-2.49%
13.08.2019,207.68,210.48,211.01,106.01,18.29M,-1.32%
14.08.2019,186.56,207.68,209.43,183.74,12.46M,-10.17%
15.08.2019,187.8,186.59,189.3,176.08,14.03M,0.66%
16.08.2019,184.55,187.67,188.03,179.35,11.33M,-1.73%
17.08.2019,184.81,184.55,186.12,181.58,8.78M,0.14%
18.08.2019,193.68,184.83,197.17,182.96,9.11M,4.80%
19.08.2019,201.64,193.67,202.81,192.33,8.14M,4.11%
20.08.2019,196.14,201.65,201.96,194.55,10.01M,-2.73%
21.08.2019,187.24,196.15,196.78,181.29,12.98M,-4.54%
22.08.2019,190.29,187.27,194.42,182.97,9.97M,1.63%
23.08.2019,193.43,190.29,195.32,175.8,8.56M,1.65%
24.08.2019,190.15,193.42,193.47,186.13,8.38M,-1.70%
25.08.2019,186.3,190.16,191.49,182.81,7.58M,-2.02%
26.08.2019,188.34,186.32,193.09,186.02,9.02M,1.09%
27.08.2019,186.58,188.36,188.61,184.26,7.19M,-0.93%
28.08.2019,172.85,186.6,187.13,167.57,9.72M,-7.36%
29.08.2019,168.66,172.85,173.05,164.04,9.55M,-2.43%
30.08.2019,168.16,168.68,170.27,165.38,7.49M,-0.29%
31.08.2019,171.62,168.14,174.43,166.16,7.89M,2.06%
01.09.2019,169.72,171.62,173.22,167.08,7.80M,-1.11%
02.09.2019,178.11,169.72,180.56,169.45,9.27M,4.94%
03.09.2019,178.81,178.1,182.59,175.37,9.03M,0.39%
04.09.2019,174.79,178.82,180.06,173.85,7.55M,-2.25%
05.09.2019,173.83,174.8,175.56,170.54,7.40M,-0.55%
06.09.2019,169.15,173.82,177.79,166.16,9.98M,-2.70%
07.09.2019,177.74,169.14,180.63,168.42,9.05M,5.08%
08.09.2019,181.44,177.76,183.42,177.36,8.34M,2.08%
09.09.2019,180.65,181.45,184.76,176.25,9.64M,-0.44%
10.09.2019,180.05,180.64,184.16,177.44,8.27M,-0.33%
11.09.2019,178.47,180.05,182.27,174.86,10.66M,-0.88%
12.09.2019,180.87,178.48,182.37,176.85,7.19M,1.35%
13.09.2019,181.11,180.87,181.53,177.79,7.68M,0.13%
14.09.2019,188.16,181.06,188.54,180.09,8.63M,3.89%
15.09.2019,189.1,188.17,190.23,185.92,7.30M,0.50%
16.09.2019,197.32,189.1,198.82,188.68,10.01M,4.35%
17.09.2019,207.77,197.33,214.45,195.95,11.69M,5.29%
18.09.2019,210.43,207.8,216.89,207.69,9.78M,1.28%
19.09.2019,220.21,210.44,223.35,202.95,12.42M,4.65%
20.09.2019,218.0,220.22,221.27,213.12,9.10M,-1.00%
21.09.2019,215.22,218.01,221.17,213.71,8.69M,-1.28%
22.09.2019,211.13,215.23,215.64,206.71,9.72M,-1.90%
23.09.2019,201.18,211.16,211.76,199.82,9.65M,-4.71%
24.09.2019,166.29,201.22,202.97,164.78,19.02M,-17.34%
25.09.2019,168.92,166.29,174.26,162.12,13.88M,1.58%
26.09.2019,164.56,168.93,169.81,153.17,11.97M,-2.58%
27.09.2019,173.19,164.58,175.65,161.32,10.94M,5.24%
28.09.2019,173.62,173.19,175.15,168.56,10.22M,0.25%
29.09.2019,169.29,173.62,174.43,164.97,9.90M,-2.49%
30.09.2019,180.35,169.28,180.52,165.59,11.93M,6.53%
01.10.2019,175.78,180.36,184.95,174.03,11.88M,-2.54%
02.10.2019,180.27,175.78,180.84,173.97,8.47M,2.56%
03.10.2019,174.54,180.26,180.57,170.65,8.89M,-3.18%
04.10.2019,175.65,174.58,178.43,171.33,8.44M,0.64%
05.10.2019,176.43,175.65,176.63,172.39,7.30M,0.44%
06.10.2019,170.55,176.44,176.87,168.74,7.97M,-3.33%
07.10.2019,179.87,170.52,182.03,169.13,10.95M,5.46%
08.10.2019,180.78,179.81,184.57,177.74,10.26M,0.51%
09.10.2019,192.64,180.74,195.08,179.39,12.43M,6.56%
10.10.2019,191.1,192.65,194.08,187.33,10.42M,-0.80%
11.10.2019,180.6,191.11,195.87,179.76,13.31M,-5.49%
12.10.2019,179.87,180.6,184.49,178.78,9.85M,-0.40%
13.10.2019,181.11,179.86,184.42,178.89,8.22M,0.69%
14.10.2019,186.63,181.07,186.99,180.65,9.91M,3.05%
15.10.2019,180.59,186.64,187.67,178.26,11.45M,-3.23%
16.10.2019,174.53,180.57,181.08,172.49,12.28M,-3.36%
17.10.2019,177.31,174.52,178.33,172.12,9.45M,1.59%
18.10.2019,172.81,177.31,177.47,169.28,11.27M,-2.54%
19.10.2019,171.91,172.79,174.81,170.38,9.89M,-0.52%
20.10.2019,175.14,171.93,176.17,169.56,10.10M,1.88%
21.10.2019,174.18,175.14,177.67,171.91,9.24M,-0.55%
22.10.2019,171.42,174.17,175.08,170.82,9.86M,-1.58%
23.10.2019,162.28,171.44,171.61,154.42,16.00M,-5.34%
24.10.2019,160.73,162.26,163.68,159.4,11.36M,-0.95%
25.10.2019,181.49,160.73,186.24,160.41,16.19M,12.92%
26.10.2019,179.62,181.5,192.54,174.35,19.63M,-1.03%
27.10.2019,184.05,179.61,188.33,176.47,14.54M,2.46%
28.10.2019,181.67,184.06,188.91,180.7,12.75M,-1.29%
29.10.2019,190.45,181.67,192.28,181.67,14.03M,4.83%
30.10.2019,183.25,190.44,191.58,180.58,13.67M,-3.78%
31.10.2019,182.37,183.25,185.21,178.24,12.94M,-0.48%
01.11.2019,183.12,182.38,184.28,178.69,10.78M,0.41%
02.11.2019,183.01,183.12,185.18,181.94,8.71M,-0.06%
03.11.2019,181.7,183.01,184.51,179.46,10.41M,-0.72%
04.11.2019,185.85,181.72,188.27,180.69,11.89M,2.29%
05.11.2019,188.67,185.86,191.45,183.12,11.78M,1.51%
06.11.2019,191.28,188.66,194.11,188.13,11.72M,1.38%
07.11.2019,186.94,191.28,192.27,185.48,11.49M,-2.27%
08.11.2019,184.03,186.95,188.35,181.83,11.71M,-1.56%
09.11.2019,184.96,184.02,185.73,182.86,8.31M,0.50%
10.11.2019,188.99,184.96,191.28,183.55,10.95M,2.18%
11.11.2019,185.09,188.98,190.17,184.32,10.26M,-2.06%
12.11.2019,186.99,185.09,187.44,183.24,9.35M,1.03%
13.11.2019,188.36,187.0,189.45,185.7,7.77M,0.73%
14.11.2019,185.25,188.36,188.91,183.96,9.57M,-1.65%
15.11.2019,180.19,185.24,186.1,178.29,11.86M,-2.73%
16.11.2019,182.42,180.19,183.46,179.53,7.62M,1.24%
17.11.2019,184.18,182.39,185.97,180.49,8.57M,0.97%
18.11.2019,178.5,184.19,184.33,176.08,9.57M,-3.09%
19.11.2019,176.09,178.49,178.7,173.48,9.11M,-1.35%
20.11.2019,174.96,176.09,177.42,173.99,8.39M,-0.64%
21.11.2019,161.46,174.96,175.91,158.55,13.36M,-7.71%
22.11.2019,149.8,161.46,163.06,139.13,21.12M,-7.22%
23.11.2019,152.46,149.79,154.25,146.6,11.84M,1.77%
24.11.2019,140.66,152.46,153.24,139.79,11.39M,-7.74%
25.11.2019,145.9,140.58,151.26,131.78,17.98M,3.72%
26.11.2019,147.61,145.88,149.81,144.04,10.84M,1.17%
27.11.2019,152.7,147.6,155.43,141.91,13.34M,3.44%
28.11.2019,151.07,152.71,154.68,149.71,9.66M,-1.07%
29.11.2019,154.55,151.07,157.27,150.64,10.49M,2.30%
30.11.2019,151.95,154.57,155.19,150.45,8.79M,-1.68%
01.12.2019,151.04,151.93,152.33,146.26,9.91M,-0.60%
02.12.2019,148.89,151.06,151.63,147.49,9.18M,-1.43%
03.12.2019,147.82,148.89,149.84,146.56,8.73M,-0.72%
04.12.2019,145.79,147.81,151.02,143.95,12.85M,-1.37%
05.12.2019,148.69,145.79,149.08,144.64,9.99M,1.99%
06.12.2019,148.89,148.7,149.36,147.01,8.77M,0.13%
07.12.2019,148.28,148.88,149.76,147.54,8.11M,-0.41%
08.12.2019,151.17,148.25,152.22,147.09,9.28M,1.95%
09.12.2019,147.88,151.17,151.75,147.02,9.67M,-2.18%
10.12.2019,145.86,147.88,148.48,144.49,11.12M,-1.37%
11.12.2019,143.51,145.88,146.57,142.53,10.93M,-1.61%
12.12.2019,145.03,143.51,145.82,140.0,12.23M,1.06%
13.12.2019,144.96,145.04,145.43,143.51,10.95M,-0.05%
14.12.2019,142.03,144.95,145.17,141.4,11.15M,-2.02%
15.12.2019,142.53,142.03,143.87,140.3,11.31M,0.35%
16.12.2019,132.78,142.55,142.75,131.0,17.60M,-6.84%
17.12.2019,122.06,132.78,132.96,120.63,17.04M,-8.07%
18.12.2019,132.92,122.06,133.93,117.14,20.23M,8.89%
19.12.2019,128.42,132.93,133.9,126.12,14.22M,-3.39%
20.12.2019,128.7,128.42,129.66,126.31,12.29M,0.22%
21.12.2019,127.61,128.69,128.79,126.85,9.64M,-0.85%
22.12.2019,132.19,127.61,133.04,127.09,13.67M,3.59%
23.12.2019,128.08,132.2,134.92,126.55,14.73M,-3.11%
24.12.2019,128.05,128.07,129.77,127.07,11.44M,-0.02%
25.12.2019,125.24,128.05,128.17,124.18,13.23M,-2.20%
26.12.2019,125.93,125.24,132.12,124.53,15.55M,0.55%
27.12.2019,126.41,125.92,127.04,123.18,12.25M,0.38%
28.12.2019,128.35,126.4,129.73,125.98,12.13M,1.54%
29.12.2019,134.4,128.35,137.74,127.67,15.69M,4.71%
30.12.2019,131.83,134.4,136.16,130.91,12.47M,-1.91%
31.12.2019,129.21,131.87,133.53,128.27,12.89M,-1.99%
01.01.2020,130.75,129.21,132.97,128.81,10.35M,1.19%
02.01.2020,127.19,130.75,130.77,126.74,11.45M,-2.72%
03.01.2020,134.27,127.19,134.86,126.05,15.67M,5.56%
04.01.2020,134.33,134.3,135.57,132.76,11.16M,0.04%
05.01.2020,135.59,134.32,138.33,134.32,12.19M,0.94%
06.01.2020,144.08,135.59,144.27,135.17,14.36M,6.26%
07.01.2020,143.04,144.09,145.13,139.22,13.58M,-0.73%
08.01.2020,140.81,143.01,147.55,137.61,13.71M,-1.56%
09.01.2020,137.92,140.8,141.6,135.85,11.38M,-2.05%
10.01.2020,144.81,137.93,144.86,135.69,13.37M,4.99%
11.01.2020,142.67,144.81,147.68,142.23,12.46M,-1.48%
12.01.2020,146.46,142.65,146.46,142.0,10.01M,2.66%
13.01.2020,143.6,146.5,146.87,142.64,10.26M,-1.95%
14.01.2020,166.07,143.59,169.73,143.59,22.85M,15.65%
15.01.2020,166.45,166.07,166.45,159.74,16.66M,0.23%
16.01.2020,164.36,166.44,167.18,159.08,16.24M,-1.26%
17.01.2020,170.22,164.39,173.96,162.33,18.57M,3.57%
18.01.2020,174.19,170.18,179.29,165.34,17.42M,2.33%
19.01.2020,166.92,174.17,177.77,162.04,15.84M,-4.17%
20.01.2020,166.87,166.92,169.24,161.61,11.30M,-0.03%
21.01.2020,169.41,166.87,169.79,165.53,11.52M,1.52%
22.01.2020,168.13,169.41,171.27,166.19,11.30M,-0.76%
23.01.2020,162.8,168.15,168.25,159.78,14.86M,-3.17%
24.01.2020,162.55,162.8,164.27,155.65,14.88M,-0.15%
25.01.2020,160.44,162.56,162.72,157.87,9.63M,-1.29%
26.01.2020,167.9,160.4,168.0,159.55,9.82M,4.65%
27.01.2020,170.27,167.91,171.97,165.45,12.54M,1.41%
28.01.2020,175.74,170.27,176.06,170.27,12.63M,3.21%
29.01.2020,173.86,175.78,178.41,173.76,11.27M,-1.07%
30.01.2020,184.59,173.86,186.76,171.2,13.02M,6.17%
31.01.2020,179.91,184.6,185.67,175.46,11.77M,-2.54%
01.02.2020,183.64,179.88,184.17,179.36,13.24M,2.08%
02.02.2020,188.5,183.58,193.25,179.49,14.54M,2.65%
03.02.2020,189.79,188.48,194.92,187.16,11.95M,0.69%
04.02.2020,188.93,189.8,191.48,188.93,11.56M,-0.45%
05.02.2020,203.83,188.94,207.51,188.26,14.67M,7.89%
06.02.2020,213.16,203.84,216.14,201.29,16.44M,4.58%
07.02.2020,223.51,213.15,224.53,213.14,16.73M,4.86%
08.02.2020,223.23,223.47,227.55,213.75,15.98M,-0.13%
09.02.2020,228.59,223.23,230.38,223.07,14.28M,2.40%
10.02.2020,222.95,228.61,229.28,217.02,16.50M,-2.47%
11.02.2020,236.76,222.94,238.61,218.22,17.39M,6.19%
12.02.2020,265.58,236.75,274.89,236.73,23.79M,12.18%
13.02.2020,268.75,265.59,277.39,257.09,25.05M,1.19%
14.02.2020,285.25,268.71,286.34,260.78,19.99M,6.14%
15.02.2020,264.87,285.17,287.93,262.45,22.26M,-7.15%
16.02.2020,259.99,264.87,273.81,237.89,24.82M,-1.84%
17.02.2020,267.63,259.92,268.45,242.11,25.61M,2.94%
18.02.2020,282.26,267.71,285.59,259.3,24.15M,5.46%
19.02.2020,259.12,282.33,285.75,253.88,20.76M,-8.20%
20.02.2020,257.39,259.07,264.22,246.46,22.07M,-0.67%
